id,name,owner_user_id,rating,active,created_at
1,Sunrise Market 1,23,3.59,0,2024-04-06 13:56:48
2,Lotus Mart 2,33,4.75,1,2025-12-08 22:11:41
3,Saigon Select 3,14,3.49,1,2026-01-02 10:42:35
4,Urban Thread 4,18,4.60,1,2025-01-08 09:29:45
5,Golden Leaf 5,44,4.70,1,2024-10-30 08:41:06
6,Bamboo House 6,17,4.84,1,2025-10-13 21:41:17
7,Coastal Goods 7,45,3.61,0,2025-12-08 14:59:53
8,Metro Outlet 8,20,3.91,1,2024-08-28 04:31:40
9,Aurora Supply 9,21,4.07,1,2025-01-03 03:17:30
10,Cedar & Co 10,4,4.86,1,2024-10-23 22:59:30
11,Amber Street 11,47,4.15,1,2024-01-08 14:01:16
12,Nova Essentials 12,9,4.24,1,2024-10-26 10:39:15
13,Lantern & Pine 13,6,3.83,1,2025-01-31 12:33:52
14,Velvet Road 14,22,4.71,1,2025-10-06 10:12:36
15,Craftline 15,49,3.69,1,2024-05-10 08:02:15
16,Evergreen Shop 16,35,3.75,1,2024-03-05 21:51:57
17,Maple & Oak 17,41,4.77,1,2025-04-24 13:18:00
18,City Harbor 18,21,3.74,1,2025-05-15 05:30:57
19,Bloom Bazaar 19,31,3.98,1,2024-05-31 17:00:02
20,Northgate Store 20,14,3.49,1,2024-10-30 01:53:11
21,Seaside Pantry 21,37,3.49,1,2025-02-10 07:23:26
22,Willow & Co 22,42,3.91,1,2024-10-08 02:19:13
23,Harbor Lane 23,50,3.86,1,2025-09-15 23:02:08
24,Citrine Corner 24,37,4.36,1,2026-01-09 20:03:16
25,Pinecrest 25,20,3.66,1,2024-03-22 09:55:32
26,Pearl Market 26,40,3.50,1,2024-06-01 09:15:42
27,Cobalt & Co 27,48,3.82,1,2025-02-16 20:17:55
28,Orchid Avenue 28,17,4.40,1,2025-08-02 13:55:04
29,Monarch Market 29,3,4.29,1,2025-09-09 23:17:40
30,Crescent Store 30,1,3.74,0,2024-06-15 17:18:43
31,Timberline 31,13,4.24,1,2025-10-23 13:56:10
32,Skyline Goods 32,29,4.38,1,2024-03-06 18:12:52
33,Copper & Co 33,30,3.41,1,2025-03-26 16:05:32
34,Slate Market 34,1,4.44,1,2025-09-19 22:31:14
35,Riverstone 35,2,4.87,1,2026-01-03 18:24:05
36,Amberfield 36,43,3.55,1,2024-07-12 04:19:35
37,Cedar Grove 37,31,4.75,1,2025-11-19 17:31:53
38,Silverline 38,14,4.40,1,2024-05-06 20:04:31
39,Elm & Ivy 39,29,3.90,1,2025-02-21 15:06:46
40,Meadow Lane 40,18,4.08,1,2024-03-18 13:06:18
41,Brighton 41,40,3.42,1,2024-09-11 01:33:28
42,Eastwood 42,38,4.14,1,2025-05-08 20:14:12
43,Maplecrest 43,40,3.95,1,2024-06-16 19:00:49
44,Harborview 44,47,4.26,1,2025-07-24 22:17:17
45,Violet Lane 45,42,4.58,0,2025-05-13 23:42:11
46,Rainier 46,31,4.54,1,2025-10-26 08:17:06
47,Granite Goods 47,5,4.21,1,2024-05-01 08:02:54
48,Wellspring 48,42,4.57,1,2025-08-28 14:45:21
49,Heritage Shop 49,44,4.18,1,2024-02-09 11:33:41
50,Canyon Market 50,13,4.21,1,2026-01-01 07:29:33
51,Sunrise Market 51,25,4.34,1,2025-01-05 07:21:17
52,Lotus Mart 52,30,4.46,1,2024-03-15 09:12:24
53,Saigon Select 53,25,3.83,1,2025-07-02 06:53:07
54,Urban Thread 54,50,3.59,1,2024-01-17 10:02:37
55,Golden Leaf 55,49,4.22,0,2024-08-27 06:28:18
56,Bamboo House 56,46,3.62,1,2024-11-07 12:55:15
57,Coastal Goods 57,40,4.03,1,2025-08-16 10:52:47
58,Metro Outlet 58,2,4.81,1,2025-04-29 08:32:28
59,Aurora Supply 59,24,4.47,1,2025-11-06 05:55:56
60,Cedar & Co 60,33,4.45,0,2025-12-14 01:49:21
61,Amber Street 61,2,4.33,1,2025-09-25 17:54:42
62,Nova Essentials 62,4,4.63,0,2024-07-05 01:42:09
63,Lantern & Pine 63,24,4.73,0,2024-01-08 02:14:14
64,Velvet Road 64,7,4.69,1,2025-04-14 06:23:29
65,Craftline 65,5,4.86,1,2025-07-04 11:46:41
66,Evergreen Shop 66,43,3.65,1,2024-01-22 00:02:57
67,Maple & Oak 67,34,3.91,1,2024-07-22 15:08:20
68,City Harbor 68,44,4.36,1,2024-04-25 01:29:57
69,Bloom Bazaar 69,47,3.46,1,2024-01-22 13:29:50
70,Northgate Store 70,33,3.94,1,2024-07-14 08:58:52
71,Seaside Pantry 71,3,3.47,0,2025-12-31 23:01:13
72,Willow & Co 72,31,4.03,1,2024-04-14 22:23:20
73,Harbor Lane 73,13,3.58,1,2024-08-30 19:38:06
74,Citrine Corner 74,19,3.47,1,2025-03-16 00:45:42
75,Pinecrest 75,38,3.90,1,2025-03-16 09:16:47
76,Pearl Market 76,47,3.94,1,2024-11-18 18:10:09
77,Cobalt & Co 77,49,3.80,1,2024-01-09 02:48:29
78,Orchid Avenue 78,3,4.63,1,2024-10-25 03:34:29
79,Monarch Market 79,32,3.95,1,2025-02-08 16:56:19
80,Crescent Store 80,24,3.91,0,2024-06-27 16:34:39
81,Timberline 81,30,4.00,1,2024-02-11 05:47:26
82,Skyline Goods 82,35,4.87,1,2024-05-01 20:11:20
83,Copper & Co 83,40,3.56,0,2024-06-01 19:46:53
84,Slate Market 84,31,4.28,1,2026-01-13 15:39:13
85,Riverstone 85,6,3.54,1,2024-06-12 13:19:47
86,Amberfield 86,43,4.32,1,2024-10-25 14:47:43
87,Cedar Grove 87,7,4.45,1,2024-04-09 13:00:57
88,Silverline 88,6,4.42,1,2025-12-02 13:29:51
89,Elm & Ivy 89,15,4.15,1,2024-04-14 08:03:26
90,Meadow Lane 90,17,4.23,1,2025-12-03 01:02:24
91,Brighton 91,13,3.93,1,2024-06-03 18:27:28
92,Eastwood 92,23,3.93,1,2025-01-26 02:37:10
93,Maplecrest 93,36,4.55,1,2024-10-27 16:18:56
94,Harborview 94,39,4.33,1,2025-06-01 00:11:16
95,Violet Lane 95,41,4.06,1,2024-11-02 10:51:04
96,Rainier 96,25,4.39,1,2025-01-14 07:03:26
97,Granite Goods 97,49,4.51,1,2025-01-27 06:03:01
98,Wellspring 98,6,4.45,0,2024-06-07 08:11:44
99,Heritage Shop 99,47,4.75,1,2025-10-03 07:41:45
100,Canyon Market 100,35,4.41,1,2024-04-23 23:08:12
101,Sunrise Market 101,2,3.82,1,2024-06-09 17:42:50
102,Lotus Mart 102,32,3.77,1,2025-01-26 17:49:41
103,Saigon Select 103,32,3.54,1,2024-10-14 10:16:14
104,Urban Thread 104,21,4.65,1,2025-02-07 21:41:39
105,Golden Leaf 105,13,4.53,1,2025-05-21 18:09:24
106,Bamboo House 106,31,4.20,1,2024-09-01 11:39:01
107,Coastal Goods 107,39,3.55,0,2024-07-17 11:22:03
108,Metro Outlet 108,25,4.12,1,2025-04-13 18:04:26
109,Aurora Supply 109,21,4.02,1,2024-01-11 22:57:54
110,Cedar & Co 110,30,4.50,1,2025-03-23 11:34:59
111,Amber Street 111,41,4.49,1,2024-11-05 07:55:03
112,Nova Essentials 112,27,3.97,1,2024-07-02 23:54:37
113,Lantern & Pine 113,46,4.08,1,2025-04-24 03:42:19
114,Velvet Road 114,8,4.05,1,2024-01-24 02:35:58
115,Craftline 115,34,3.57,1,2025-04-27 11:52:47
116,Evergreen Shop 116,50,3.82,1,2024-12-22 04:59:08
117,Maple & Oak 117,21,3.63,1,2024-09-21 09:32:21
118,City Harbor 118,29,3.71,1,2025-04-04 16:17:23
119,Bloom Bazaar 119,10,4.68,1,2025-07-23 17:08:06
120,Northgate Store 120,9,4.78,1,2025-03-13 21:04:46
121,Seaside Pantry 121,23,4.80,1,2025-08-07 06:23:33
122,Willow & Co 122,43,4.38,0,2024-10-08 19:19:55
123,Harbor Lane 123,39,4.48,1,2024-04-27 20:23:32
124,Citrine Corner 124,36,4.63,1,2025-03-12 05:19:45
125,Pinecrest 125,24,4.75,1,2025-02-16 05:39:57
126,Pearl Market 126,5,3.56,0,2025-05-22 19:06:01
127,Cobalt & Co 127,44,3.62,1,2025-10-03 01:52:37
128,Orchid Avenue 128,24,3.74,0,2026-01-14 09:12:10
129,Monarch Market 129,40,3.71,1,2025-02-21 07:26:05
130,Crescent Store 130,13,4.35,1,2024-12-08 23:37:58
131,Timberline 131,23,4.66,1,2025-08-29 07:10:19
132,Skyline Goods 132,34,3.90,1,2025-01-08 17:18:17
133,Copper & Co 133,2,4.41,1,2024-07-31 09:25:33
134,Slate Market 134,29,3.61,1,2025-03-13 09:55:50
135,Riverstone 135,46,4.81,1,2024-06-14 02:13:45
136,Amberfield 136,24,4.43,1,2025-02-22 05:11:41
137,Cedar Grove 137,27,4.08,1,2025-11-09 14:53:09
138,Silverline 138,40,4.03,1,2025-11-17 10:01:45
139,Elm & Ivy 139,28,4.46,1,2024-01-27 21:54:58
140,Meadow Lane 140,37,4.68,1,2025-03-14 18:02:17
141,Brighton 141,37,3.71,1,2024-04-27 11:51:20
142,Eastwood 142,9,3.80,1,2025-03-19 07:14:39
143,Maplecrest 143,39,4.83,1,2024-04-13 22:07:19
144,Harborview 144,38,4.44,1,2025-08-28 21:59:31
145,Violet Lane 145,15,3.84,1,2025-08-20 17:43:26
146,Rainier 146,31,4.82,1,2026-01-28 10:58:24
147,Granite Goods 147,31,3.51,1,2024-06-04 17:36:47
148,Wellspring 148,5,4.29,1,2025-04-18 06:41:56
149,Heritage Shop 149,31,4.86,0,2024-11-15 10:48:33
150,Canyon Market 150,35,4.74,1,2024-06-07 04:36:58
151,Sunrise Market 151,5,4.00,0,2024-08-10 20:53:58
152,Lotus Mart 152,16,3.75,1,2026-01-31 08:37:11
153,Saigon Select 153,29,4.15,1,2025-06-16 14:46:08
154,Urban Thread 154,45,4.11,1,2024-09-08 14:22:44
155,Golden Leaf 155,43,3.69,0,2024-10-04 09:18:58
156,Bamboo House 156,10,3.47,1,2024-06-03 12:35:05
157,Coastal Goods 157,32,4.24,0,2024-12-01 09:26:37
158,Metro Outlet 158,47,4.31,0,2025-05-14 02:15:35
159,Aurora Supply 159,7,4.81,1,2025-06-11 03:44:04
160,Cedar & Co 160,15,3.93,1,2025-03-25 22:46:21
161,Amber Street 161,16,4.59,1,2025-12-01 06:38:07
162,Nova Essentials 162,44,4.26,1,2025-11-02 13:14:13
163,Lantern & Pine 163,17,4.88,1,2025-07-29 16:23:05
164,Velvet Road 164,25,4.34,1,2024-04-11 19:36:43
165,Craftline 165,17,4.10,1,2025-01-24 17:03:49
166,Evergreen Shop 166,46,4.16,1,2025-03-19 19:34:08
167,Maple & Oak 167,15,3.99,1,2024-09-27 23:13:18
168,City Harbor 168,44,4.73,0,2024-06-08 14:41:02
169,Bloom Bazaar 169,28,3.54,1,2025-02-13 03:28:49
170,Northgate Store 170,4,4.49,1,2025-01-09 20:21:34
171,Seaside Pantry 171,1,3.44,1,2024-12-07 18:39:14
172,Willow & Co 172,5,4.25,1,2025-05-29 06:11:12
173,Harbor Lane 173,5,3.54,1,2024-07-14 20:19:29
174,Citrine Corner 174,3,4.14,1,2026-01-11 14:39:05
175,Pinecrest 175,31,3.60,1,2024-05-03 00:09:21
176,Pearl Market 176,43,3.44,1,2025-05-24 18:31:03
177,Cobalt & Co 177,41,3.64,1,2024-04-01 15:51:56
178,Orchid Avenue 178,8,4.62,1,2024-10-13 14:51:17
179,Monarch Market 179,22,3.94,1,2024-01-04 08:15:38
180,Crescent Store 180,16,4.78,1,2024-12-22 12:27:16
181,Timberline 181,13,3.98,1,2024-08-23 12:01:55
182,Skyline Goods 182,44,3.65,1,2025-04-29 00:09:07
183,Copper & Co 183,34,3.75,1,2024-10-21 14:46:48
184,Slate Market 184,12,4.57,1,2025-08-16 16:01:10
185,Riverstone 185,31,4.37,1,2024-05-20 09:11:19
186,Amberfield 186,34,4.03,1,2025-04-23 14:54:44
187,Cedar Grove 187,15,4.74,1,2025-10-17 21:53:44
188,Silverline 188,40,4.62,0,2026-01-30 09:29:18
189,Elm & Ivy 189,42,4.30,1,2025-09-13 04:59:01
190,Meadow Lane 190,32,4.35,0,2025-12-17 23:28:16
191,Brighton 191,29,3.89,1,2025-06-26 12:41:41
192,Eastwood 192,1,4.33,1,2025-05-23 06:46:36
193,Maplecrest 193,7,4.33,1,2025-05-21 00:36:28
194,Harborview 194,23,3.41,1,2024-02-05 05:06:01
195,Violet Lane 195,29,3.43,1,2024-09-27 17:13:17
196,Rainier 196,18,3.70,1,2025-05-01 23:39:57
197,Granite Goods 197,41,4.39,1,2024-11-01 07:50:57
198,Wellspring 198,2,4.84,1,2025-11-30 04:55:48
199,Heritage Shop 199,35,4.58,1,2024-01-21 23:22:40
200,Canyon Market 200,47,4.25,1,2024-06-09 19:07:31
201,Sunrise Market 201,25,3.58,1,2025-02-28 23:26:10
202,Lotus Mart 202,44,4.63,1,2025-08-04 16:46:54
203,Saigon Select 203,26,3.87,1,2024-06-29 10:00:56
204,Urban Thread 204,29,4.56,1,2025-07-27 13:03:09
205,Golden Leaf 205,46,4.64,1,2025-12-07 21:01:44
206,Bamboo House 206,24,3.80,1,2024-08-13 20:23:17
207,Coastal Goods 207,33,4.30,1,2025-03-09 14:29:57
208,Metro Outlet 208,38,3.62,1,2025-10-18 02:24:07
209,Aurora Supply 209,38,4.76,1,2024-06-14 03:00:08
210,Cedar & Co 210,38,3.86,1,2025-07-21 21:36:53
211,Amber Street 211,37,3.54,1,2026-01-07 21:14:27
212,Nova Essentials 212,34,4.06,1,2024-05-04 17:28:14
213,Lantern & Pine 213,6,4.08,1,2024-08-16 04:40:54
214,Velvet Road 214,24,3.62,1,2025-06-23 01:44:29
215,Craftline 215,19,3.84,1,2025-06-16 20:15:29
216,Evergreen Shop 216,47,4.77,1,2024-09-15 07:33:51
217,Maple & Oak 217,34,4.27,1,2025-04-02 16:21:30
218,City Harbor 218,40,4.59,1,2024-05-11 06:56:39
219,Bloom Bazaar 219,14,3.46,1,2024-06-25 17:37:16
220,Northgate Store 220,11,4.61,1,2026-01-05 02:35:50
221,Seaside Pantry 221,22,4.90,1,2024-09-07 01:04:49
222,Willow & Co 222,15,3.65,1,2025-04-01 13:36:34
223,Harbor Lane 223,19,3.55,1,2024-09-12 13:58:20
224,Citrine Corner 224,8,4.46,1,2025-02-27 18:22:19
225,Pinecrest 225,29,3.83,1,2025-06-20 02:49:27
226,Pearl Market 226,37,3.47,1,2025-04-08 12:59:58
227,Cobalt & Co 227,12,4.36,1,2025-06-21 17:03:07
228,Orchid Avenue 228,6,4.18,1,2024-06-24 20:23:38
229,Monarch Market 229,46,4.29,1,2025-10-25 10:40:55
230,Crescent Store 230,18,4.89,1,2024-08-07 11:01:49
231,Timberline 231,4,3.86,1,2025-03-22 14:18:36
232,Skyline Goods 232,33,4.17,1,2025-05-30 01:22:40
233,Copper & Co 233,22,4.17,1,2024-09-26 10:46:11
234,Slate Market 234,1,3.90,1,2025-05-08 00:30:45
235,Riverstone 235,41,4.54,1,2025-09-22 18:40:41
236,Amberfield 236,36,3.56,1,2024-10-11 12:12:17
237,Cedar Grove 237,28,3.41,1,2025-02-01 14:57:46
238,Silverline 238,8,3.97,1,2025-07-26 05:38:31
239,Elm & Ivy 239,34,4.44,1,2024-12-25 22:35:53
240,Meadow Lane 240,14,3.91,1,2025-01-19 00:07:55
241,Brighton 241,17,3.57,1,2025-07-01 19:13:02
242,Eastwood 242,8,4.70,0,2024-11-25 21:03:18
243,Maplecrest 243,44,4.75,1,2024-05-24 21:30:56
244,Harborview 244,40,4.12,1,2025-06-29 03:11:58
245,Violet Lane 245,28,3.79,1,2024-02-23 04:02:59
246,Rainier 246,1,3.55,1,2024-04-03 20:56:45
247,Granite Goods 247,7,4.78,1,2025-10-29 21:08:29
248,Wellspring 248,3,4.75,1,2025-04-12 18:10:02
249,Heritage Shop 249,8,4.73,1,2024-05-13 08:40:38
250,Canyon Market 250,15,4.83,0,2024-04-28 17:02:10
251,Sunrise Market 251,48,4.76,1,2026-01-24 17:19:13
252,Lotus Mart 252,16,4.39,1,2024-08-19 02:00:36
253,Saigon Select 253,18,3.67,1,2025-01-16 17:24:06
254,Urban Thread 254,22,4.26,1,2025-03-25 06:26:47
255,Golden Leaf 255,15,3.43,1,2025-12-29 18:23:10
256,Bamboo House 256,23,4.80,1,2025-07-06 12:38:44
257,Coastal Goods 257,14,4.49,1,2024-05-28 02:27:11
258,Metro Outlet 258,37,4.36,1,2024-01-16 04:36:23
259,Aurora Supply 259,1,3.59,1,2025-06-11 08:26:15
260,Cedar & Co 260,15,3.73,1,2024-11-09 12:35:51
261,Amber Street 261,47,3.57,1,2024-10-27 11:16:51
262,Nova Essentials 262,27,4.78,1,2025-03-10 11:41:27
263,Lantern & Pine 263,30,4.51,1,2024-04-28 07:35:40
264,Velvet Road 264,2,4.20,1,2025-04-27 22:04:34
265,Craftline 265,19,4.38,1,2024-01-01 08:40:09
266,Evergreen Shop 266,4,4.30,1,2024-05-04 06:24:38
267,Maple & Oak 267,43,4.08,1,2024-05-02 08:15:15
268,City Harbor 268,32,3.73,1,2026-01-20 14:52:54
269,Bloom Bazaar 269,29,4.71,1,2024-12-12 07:23:39
270,Northgate Store 270,1,3.42,1,2025-09-21 23:44:10
271,Seaside Pantry 271,45,4.06,1,2024-01-08 05:46:23
272,Willow & Co 272,45,4.59,1,2025-05-02 07:22:57
273,Harbor Lane 273,43,4.48,1,2025-07-28 10:52:57
274,Citrine Corner 274,3,3.80,1,2024-10-21 10:12:49
275,Pinecrest 275,39,4.40,0,2024-11-17 17:32:53
276,Pearl Market 276,27,4.05,1,2024-07-10 07:17:25
277,Cobalt & Co 277,37,3.99,1,2025-05-30 12:23:45
278,Orchid Avenue 278,34,4.79,1,2024-12-06 08:02:17
279,Monarch Market 279,47,4.90,0,2026-01-09 16:24:59
280,Crescent Store 280,33,3.44,1,2025-04-14 13:44:58
281,Timberline 281,42,4.86,1,2024-07-17 16:21:35
282,Skyline Goods 282,39,3.42,1,2025-09-25 12:41:10
283,Copper & Co 283,9,3.84,1,2025-01-13 04:06:52
284,Slate Market 284,16,4.84,1,2025-08-06 00:10:53
285,Riverstone 285,41,3.56,0,2024-08-25 17:13:19
286,Amberfield 286,42,4.70,1,2025-05-06 21:10:38
287,Cedar Grove 287,12,3.80,1,2024-08-14 07:19:16
288,Silverline 288,47,4.44,1,2024-05-28 23:20:21
289,Elm & Ivy 289,17,4.44,1,2025-10-22 11:30:37
290,Meadow Lane 290,40,4.88,1,2025-05-13 21:19:47
291,Brighton 291,30,4.25,1,2024-10-05 21:34:40
292,Eastwood 292,49,4.32,1,2024-10-08 21:43:55
293,Maplecrest 293,17,3.59,1,2024-12-05 05:13:17
294,Harborview 294,31,4.76,1,2024-06-25 05:43:48
295,Violet Lane 295,37,3.65,1,2025-06-25 15:25:48
296,Rainier 296,20,4.45,1,2025-12-07 20:03:19
297,Granite Goods 297,7,4.54,1,2024-05-20 20:07:07
298,Wellspring 298,25,4.86,1,2024-09-29 01:02:07
299,Heritage Shop 299,36,4.66,1,2025-03-11 01:35:25
300,Canyon Market 300,23,3.75,1,2025-01-12 11:09:19
301,Sunrise Market 301,45,4.25,1,2025-10-11 10:06:39
302,Lotus Mart 302,26,3.54,1,2024-01-07 08:23:10
303,Saigon Select 303,39,4.21,1,2024-07-16 11:53:15
304,Urban Thread 304,15,3.62,1,2025-03-29 14:39:09
305,Golden Leaf 305,28,4.19,0,2024-12-28 00:39:05
306,Bamboo House 306,14,4.23,0,2025-07-27 05:39:03
307,Coastal Goods 307,11,4.47,1,2024-09-19 18:38:31
308,Metro Outlet 308,23,4.69,1,2025-08-19 19:26:48
309,Aurora Supply 309,25,4.27,1,2024-02-20 12:00:47
310,Cedar & Co 310,2,3.55,1,2024-05-29 05:44:22
311,Amber Street 311,13,3.54,1,2024-10-09 02:25:34
312,Nova Essentials 312,12,3.94,1,2025-11-10 11:20:52
313,Lantern & Pine 313,5,4.11,1,2024-06-24 06:58:33
314,Velvet Road 314,36,4.52,1,2024-06-08 04:07:53
315,Craftline 315,16,3.96,1,2024-11-20 21:06:43
316,Evergreen Shop 316,15,4.44,1,2024-10-23 01:48:47
317,Maple & Oak 317,45,3.43,1,2024-02-04 13:38:29
318,City Harbor 318,3,3.77,1,2024-03-22 09:33:32
319,Bloom Bazaar 319,25,3.92,1,2024-01-10 21:56:00
320,Northgate Store 320,11,4.83,1,2024-05-23 09:03:01
321,Seaside Pantry 321,42,3.50,1,2024-08-20 07:07:57
322,Willow & Co 322,39,4.58,1,2024-08-21 09:09:06
323,Harbor Lane 323,38,4.64,1,2024-01-06 16:16:41
324,Citrine Corner 324,4,4.14,1,2024-10-14 15:51:36
325,Pinecrest 325,9,4.21,1,2025-07-19 02:58:46
326,Pearl Market 326,30,3.87,1,2024-10-23 20:42:24
327,Cobalt & Co 327,15,4.50,1,2024-03-24 03:21:13
328,Orchid Avenue 328,16,4.13,1,2024-06-25 10:34:11
329,Monarch Market 329,29,4.89,1,2025-08-15 09:46:20
330,Crescent Store 330,26,4.43,1,2024-12-24 02:31:42
331,Timberline 331,22,4.84,1,2024-06-28 15:09:36
332,Skyline Goods 332,7,4.68,1,2024-04-12 19:38:53
333,Copper & Co 333,15,3.60,1,2026-01-09 11:53:55
334,Slate Market 334,25,4.65,1,2025-11-05 07:50:23
335,Riverstone 335,15,4.42,1,2024-07-12 08:50:48
336,Amberfield 336,31,4.53,1,2025-04-07 18:00:58
337,Cedar Grove 337,28,3.81,1,2024-08-23 06:56:01
338,Silverline 338,20,3.44,1,2024-09-11 20:46:56
339,Elm & Ivy 339,1,4.77,1,2025-02-19 00:10:33
340,Meadow Lane 340,37,4.41,1,2024-06-16 16:00:07
341,Brighton 341,27,3.92,1,2025-06-12 11:13:33
342,Eastwood 342,22,4.19,1,2025-07-31 05:17:17
343,Maplecrest 343,3,4.45,1,2024-01-08 03:30:58
344,Harborview 344,30,4.70,1,2025-12-09 18:34:32
345,Violet Lane 345,25,4.43,1,2024-04-27 18:29:40
346,Rainier 346,19,3.48,1,2025-11-21 01:43:42
347,Granite Goods 347,13,4.38,1,2025-01-31 19:26:02
348,Wellspring 348,43,4.20,1,2024-11-09 12:37:40
349,Heritage Shop 349,43,4.51,1,2024-05-07 01:42:26
350,Canyon Market 350,32,4.59,1,2024-07-04 09:58:13
351,Sunrise Market 351,18,3.45,0,2025-06-08 11:33:17
352,Lotus Mart 352,40,3.51,1,2024-10-11 21:14:35
353,Saigon Select 353,23,3.45,1,2025-10-05 10:35:01
354,Urban Thread 354,32,4.56,1,2025-12-20 07:20:38
355,Golden Leaf 355,3,3.66,1,2024-09-19 13:37:12
356,Bamboo House 356,37,4.43,1,2025-08-16 00:48:13
357,Coastal Goods 357,21,3.70,1,2024-05-02 00:42:45
358,Metro Outlet 358,16,3.57,1,2024-01-22 14:02:57
359,Aurora Supply 359,8,4.59,1,2024-01-22 07:21:44
360,Cedar & Co 360,25,4.06,1,2026-01-04 14:27:03
361,Amber Street 361,44,4.70,0,2025-02-07 19:22:58
362,Nova Essentials 362,2,4.49,1,2025-12-24 22:07:49
363,Lantern & Pine 363,9,4.51,1,2024-06-21 02:36:22
364,Velvet Road 364,43,3.54,1,2025-03-04 02:09:42
365,Craftline 365,17,4.16,1,2024-12-31 19:33:20
366,Evergreen Shop 366,47,4.48,1,2024-12-19 10:31:32
367,Maple & Oak 367,48,4.57,1,2025-07-20 23:21:22
368,City Harbor 368,36,4.03,1,2026-01-21 14:08:04
369,Bloom Bazaar 369,35,4.69,0,2025-03-02 09:13:44
370,Northgate Store 370,29,4.78,1,2025-09-24 16:12:31
371,Seaside Pantry 371,26,4.74,1,2024-09-19 21:52:48
372,Willow & Co 372,38,4.19,1,2024-02-16 06:41:00
373,Harbor Lane 373,50,4.21,1,2024-10-19 06:51:02
374,Citrine Corner 374,21,4.75,1,2025-04-17 01:29:09
375,Pinecrest 375,38,3.77,0,2025-05-25 11:33:58
376,Pearl Market 376,39,4.07,1,2025-02-28 08:10:49
377,Cobalt & Co 377,34,4.04,1,2024-09-26 13:44:53
378,Orchid Avenue 378,33,3.61,1,2024-11-16 07:41:58
379,Monarch Market 379,36,3.68,1,2024-05-24 06:09:42
380,Crescent Store 380,35,4.08,1,2025-05-29 05:00:44
381,Timberline 381,38,3.71,1,2024-03-02 16:20:24
382,Skyline Goods 382,6,4.13,1,2025-07-12 14:46:14
383,Copper & Co 383,31,4.34,0,2025-04-21 22:08:08
384,Slate Market 384,26,4.74,1,2024-04-24 02:27:59
385,Riverstone 385,3,4.16,1,2026-01-16 11:29:06
386,Amberfield 386,18,3.44,1,2024-02-12 08:50:41
387,Cedar Grove 387,5,4.72,1,2024-06-30 20:32:56
388,Silverline 388,9,4.19,1,2024-04-26 01:19:00
389,Elm & Ivy 389,7,4.61,1,2024-08-31 23:35:27
390,Meadow Lane 390,24,3.59,1,2026-01-27 14:18:05
391,Brighton 391,24,3.98,0,2025-09-27 00:41:13
392,Eastwood 392,29,3.81,0,2025-07-02 22:33:02
393,Maplecrest 393,40,4.62,1,2025-08-03 01:14:08
394,Harborview 394,10,4.11,1,2025-10-25 16:41:26
395,Violet Lane 395,29,3.66,1,2025-07-09 10:08:21
396,Rainier 396,13,3.88,1,2024-10-27 17:41:02
397,Granite Goods 397,46,4.76,1,2024-09-07 21:38:01
398,Wellspring 398,27,4.45,1,2024-09-12 11:54:01
399,Heritage Shop 399,32,4.29,1,2024-03-17 19:14:14
400,Canyon Market 400,20,4.15,1,2024-03-12 21:33:26
401,Sunrise Market 401,26,4.07,1,2025-09-12 05:34:41
402,Lotus Mart 402,12,4.60,1,2024-07-10 03:55:52
403,Saigon Select 403,37,3.96,0,2024-02-08 22:05:03
404,Urban Thread 404,27,4.83,1,2024-08-20 04:55:50
405,Golden Leaf 405,49,3.43,1,2024-07-09 00:19:45
406,Bamboo House 406,6,4.15,1,2024-08-02 07:51:11
407,Coastal Goods 407,21,4.25,1,2024-05-30 14:43:46
408,Metro Outlet 408,41,4.53,1,2024-02-16 11:55:28
409,Aurora Supply 409,7,4.36,1,2024-09-12 12:14:14
410,Cedar & Co 410,7,4.71,1,2024-10-07 09:10:06
411,Amber Street 411,19,4.82,1,2024-07-08 22:28:25
412,Nova Essentials 412,45,4.46,1,2026-01-26 05:51:00
413,Lantern & Pine 413,29,4.78,1,2024-09-17 09:46:11
414,Velvet Road 414,45,3.68,1,2024-10-14 04:05:31
415,Craftline 415,47,4.00,1,2024-07-09 19:38:00
416,Evergreen Shop 416,23,4.23,1,2025-07-27 21:55:11
417,Maple & Oak 417,45,3.75,1,2024-06-10 09:22:36
418,City Harbor 418,27,4.54,1,2025-12-28 04:44:34
419,Bloom Bazaar 419,44,3.83,1,2024-06-09 06:19:29
420,Northgate Store 420,27,4.71,1,2025-11-08 23:06:33
421,Seaside Pantry 421,35,3.98,1,2025-01-10 02:20:37
422,Willow & Co 422,5,4.23,1,2025-06-25 05:39:38
423,Harbor Lane 423,2,4.41,1,2025-05-14 16:20:04
424,Citrine Corner 424,47,4.85,1,2025-04-17 15:38:35
425,Pinecrest 425,10,4.20,1,2024-02-04 01:28:58
426,Pearl Market 426,7,3.55,1,2025-05-01 15:40:44
427,Cobalt & Co 427,33,3.69,1,2025-01-13 05:03:18
428,Orchid Avenue 428,20,4.24,1,2026-01-21 23:53:11
429,Monarch Market 429,38,4.21,1,2025-09-08 07:27:13
430,Crescent Store 430,49,3.92,1,2025-12-24 20:43:57
431,Timberline 431,45,4.39,1,2024-05-04 08:04:17
432,Skyline Goods 432,42,4.48,1,2025-06-23 21:46:15
433,Copper & Co 433,44,3.54,1,2025-10-14 21:23:36
434,Slate Market 434,47,4.35,1,2025-09-19 01:16:37
435,Riverstone 435,49,3.47,1,2025-04-04 12:04:51
436,Amberfield 436,43,4.70,1,2024-11-03 18:02:10
437,Cedar Grove 437,27,4.63,1,2025-02-09 01:14:59
438,Silverline 438,11,3.73,0,2025-11-01 09:24:11
439,Elm & Ivy 439,40,4.16,1,2024-04-29 22:07:15
440,Meadow Lane 440,12,3.95,1,2024-01-25 09:14:28
441,Brighton 441,14,4.04,1,2025-12-03 23:43:51
442,Eastwood 442,47,4.38,1,2024-07-07 15:18:38
443,Maplecrest 443,30,3.81,1,2025-05-16 06:16:40
444,Harborview 444,7,4.13,1,2025-06-17 03:16:16
445,Violet Lane 445,16,4.33,1,2024-01-07 23:53:20
446,Rainier 446,31,3.46,0,2025-08-14 07:27:43
447,Granite Goods 447,30,4.13,1,2024-04-17 11:06:52
448,Wellspring 448,34,3.50,1,2024-12-25 15:49:08
449,Heritage Shop 449,4,3.91,1,2025-04-05 05:25:06
450,Canyon Market 450,1,4.69,1,2025-01-12 08:02:14
451,Sunrise Market 451,29,3.43,1,2026-02-01 22:23:56
452,Lotus Mart 452,36,3.87,0,2024-08-27 13:44:30
453,Saigon Select 453,17,4.16,0,2024-03-25 02:43:56
454,Urban Thread 454,13,4.74,0,2025-11-22 23:32:04
455,Golden Leaf 455,42,3.52,0,2025-05-20 14:14:31
456,Bamboo House 456,33,4.48,1,2024-02-28 22:14:05
457,Coastal Goods 457,50,3.87,1,2024-10-16 00:16:23
458,Metro Outlet 458,44,4.04,1,2024-06-30 07:15:25
459,Aurora Supply 459,46,4.76,1,2025-09-26 03:06:05
460,Cedar & Co 460,50,4.02,1,2025-11-27 22:38:44
461,Amber Street 461,39,4.01,1,2025-04-29 10:43:20
462,Nova Essentials 462,12,4.18,1,2025-07-03 07:50:27
463,Lantern & Pine 463,29,3.64,1,2026-01-12 22:33:14
464,Velvet Road 464,12,4.14,1,2024-12-22 09:44:26
465,Craftline 465,23,3.71,1,2024-10-29 01:42:21
466,Evergreen Shop 466,11,4.77,1,2025-08-13 09:50:07
467,Maple & Oak 467,5,4.79,1,2025-01-19 06:52:09
468,City Harbor 468,2,3.82,1,2024-10-22 21:05:13
469,Bloom Bazaar 469,22,3.82,1,2025-06-02 01:39:55
470,Northgate Store 470,12,3.80,1,2025-12-19 09:12:20
471,Seaside Pantry 471,28,4.84,1,2024-06-05 00:09:16
472,Willow & Co 472,11,4.09,1,2024-03-04 00:42:26
473,Harbor Lane 473,48,3.95,1,2024-03-26 20:35:39
474,Citrine Corner 474,32,3.59,1,2024-02-16 15:58:56
475,Pinecrest 475,44,4.05,1,2025-07-08 18:43:34
476,Pearl Market 476,36,4.86,1,2025-12-26 10:35:50
477,Cobalt & Co 477,14,4.82,0,2024-04-19 03:38:22
478,Orchid Avenue 478,44,3.92,1,2024-03-19 10:42:41
479,Monarch Market 479,27,3.47,1,2026-01-01 22:01:05
480,Crescent Store 480,45,3.92,1,2025-06-26 19:16:14
481,Timberline 481,5,4.57,0,2024-04-03 05:43:32
482,Skyline Goods 482,17,4.81,1,2025-11-16 08:34:35
483,Copper & Co 483,45,4.57,1,2025-10-27 03:29:32
484,Slate Market 484,47,3.44,1,2025-08-17 06:03:45
485,Riverstone 485,41,4.42,1,2024-12-03 14:33:24
486,Amberfield 486,48,3.58,1,2024-10-18 05:52:05
487,Cedar Grove 487,49,4.00,1,2025-10-05 21:11:37
488,Silverline 488,21,3.90,1,2024-04-24 09:39:43
489,Elm & Ivy 489,26,3.79,0,2025-12-06 16:34:52
490,Meadow Lane 490,44,4.77,1,2024-03-31 13:59:09
491,Brighton 491,31,4.82,1,2025-02-16 02:34:07
492,Eastwood 492,33,4.45,1,2024-08-20 10:44:52
493,Maplecrest 493,38,4.38,1,2024-08-05 04:30:18
494,Harborview 494,45,4.10,1,2024-11-06 23:08:29
495,Violet Lane 495,34,3.95,1,2025-09-09 01:46:45
496,Rainier 496,33,4.89,0,2026-01-26 09:40:46
497,Granite Goods 497,29,4.14,1,2024-08-25 00:35:38
498,Wellspring 498,29,4.72,1,2025-01-20 05:10:35
499,Heritage Shop 499,45,4.82,1,2024-01-17 07:39:32
500,Canyon Market 500,32,4.55,1,2024-03-26 14:48:35
501,Sunrise Market 501,22,4.70,1,2025-03-15 07:11:24
502,Lotus Mart 502,21,4.83,1,2025-07-04 07:26:16
503,Saigon Select 503,35,4.26,0,2025-10-17 23:59:43
504,Urban Thread 504,35,4.29,1,2024-08-18 10:26:26
505,Golden Leaf 505,45,4.87,1,2024-03-28 18:40:06
506,Bamboo House 506,20,3.74,1,2024-11-04 00:32:12
507,Coastal Goods 507,10,4.63,1,2026-01-09 08:35:51
508,Metro Outlet 508,45,3.66,1,2025-04-15 06:55:40
509,Aurora Supply 509,30,3.71,1,2025-07-01 20:05:14
510,Cedar & Co 510,23,4.78,1,2024-09-23 09:59:46
511,Amber Street 511,7,3.74,1,2025-10-31 03:34:59
512,Nova Essentials 512,4,3.68,1,2024-11-27 08:43:41
513,Lantern & Pine 513,8,4.03,1,2025-12-15 08:17:00
514,Velvet Road 514,33,4.04,1,2025-12-23 13:26:49
515,Craftline 515,44,4.38,1,2024-04-13 17:09:41
516,Evergreen Shop 516,5,4.14,0,2025-07-07 09:35:58
517,Maple & Oak 517,23,4.65,1,2025-02-19 15:07:53
518,City Harbor 518,2,3.68,1,2025-08-26 05:42:21
519,Bloom Bazaar 519,44,4.38,1,2024-09-03 08:26:45
520,Northgate Store 520,38,4.55,1,2024-08-29 09:34:29
521,Seaside Pantry 521,20,4.59,0,2025-05-19 20:58:33
522,Willow & Co 522,22,3.77,0,2025-07-08 14:24:40
523,Harbor Lane 523,48,3.98,1,2025-03-31 14:17:08
524,Citrine Corner 524,48,4.64,1,2025-01-28 11:38:30
525,Pinecrest 525,29,3.55,1,2024-07-12 22:11:27
526,Pearl Market 526,10,4.46,1,2025-09-08 01:46:18
527,Cobalt & Co 527,6,3.88,1,2025-07-12 22:58:56
528,Orchid Avenue 528,50,4.12,1,2024-02-25 15:27:56
529,Monarch Market 529,44,4.09,1,2025-10-09 20:38:34
530,Crescent Store 530,46,3.51,1,2024-10-26 07:30:58
531,Timberline 531,26,4.67,1,2025-08-23 11:20:40
532,Skyline Goods 532,33,4.11,1,2025-06-17 15:05:24
533,Copper & Co 533,3,3.63,1,2025-09-06 02:28:27
534,Slate Market 534,3,4.70,1,2025-11-27 09:58:45
535,Riverstone 535,6,3.79,0,2024-02-05 22:49:03
536,Amberfield 536,40,4.66,1,2025-04-02 15:02:35
537,Cedar Grove 537,15,4.44,1,2024-06-24 17:07:21
538,Silverline 538,13,3.95,1,2024-11-26 05:04:28
539,Elm & Ivy 539,23,4.59,1,2026-01-29 22:07:05
540,Meadow Lane 540,2,4.63,1,2025-08-25 01:28:35
541,Brighton 541,26,4.65,1,2024-08-16 14:19:10
542,Eastwood 542,11,4.17,1,2024-10-01 03:54:06
543,Maplecrest 543,11,4.45,1,2024-01-22 11:05:30
544,Harborview 544,21,3.55,0,2024-06-22 12:44:29
545,Violet Lane 545,45,4.03,1,2025-03-18 07:13:22
546,Rainier 546,31,4.44,1,2025-05-03 12:35:38
547,Granite Goods 547,42,4.76,1,2024-10-10 13:18:21
548,Wellspring 548,11,4.07,1,2025-03-12 07:36:07
549,Heritage Shop 549,32,4.31,1,2024-12-18 23:30:52
550,Canyon Market 550,35,3.42,0,2025-10-19 06:38:01
551,Sunrise Market 551,8,3.79,0,2025-11-02 16:11:15
552,Lotus Mart 552,44,3.55,1,2025-02-16 10:04:50
553,Saigon Select 553,27,3.49,0,2024-12-24 09:42:10
554,Urban Thread 554,6,3.90,1,2025-10-11 17:28:00
555,Golden Leaf 555,27,3.62,0,2025-05-08 05:07:21
556,Bamboo House 556,30,4.19,1,2024-11-14 02:46:36
557,Coastal Goods 557,19,4.79,1,2025-07-09 09:09:01
558,Metro Outlet 558,8,4.37,1,2024-08-22 23:05:44
559,Aurora Supply 559,25,3.54,1,2024-08-02 11:52:32
560,Cedar & Co 560,24,3.42,1,2025-05-06 10:24:41
561,Amber Street 561,11,4.09,0,2026-02-01 04:19:03
562,Nova Essentials 562,41,3.83,1,2024-01-16 08:00:49
563,Lantern & Pine 563,45,4.34,1,2024-03-31 17:44:50
564,Velvet Road 564,23,3.54,1,2024-06-23 08:57:30
565,Craftline 565,37,4.73,1,2024-10-22 05:07:23
566,Evergreen Shop 566,27,3.81,1,2024-05-24 21:51:26
567,Maple & Oak 567,23,4.03,0,2025-08-08 17:29:43
568,City Harbor 568,9,4.74,1,2024-09-11 17:48:21
569,Bloom Bazaar 569,35,3.62,1,2025-10-19 02:14:07
570,Northgate Store 570,1,4.26,1,2024-12-07 18:44:01
571,Seaside Pantry 571,6,4.04,1,2025-01-29 00:47:04
572,Willow & Co 572,47,3.52,1,2024-03-26 18:30:39
573,Harbor Lane 573,28,4.47,1,2024-08-15 17:31:07
574,Citrine Corner 574,49,3.99,1,2024-04-19 15:32:58
575,Pinecrest 575,49,4.72,1,2024-12-18 22:27:08
576,Pearl Market 576,7,4.16,1,2025-03-31 01:34:52
577,Cobalt & Co 577,32,4.11,1,2024-03-11 09:10:49
578,Orchid Avenue 578,30,4.17,1,2024-07-03 02:09:10
579,Monarch Market 579,31,3.58,0,2025-04-30 08:12:47
580,Crescent Store 580,42,4.50,1,2025-07-18 11:55:09
581,Timberline 581,24,4.75,1,2026-01-13 17:34:06
582,Skyline Goods 582,4,4.33,1,2025-03-02 22:53:45
583,Copper & Co 583,38,4.21,1,2024-10-08 14:33:01
584,Slate Market 584,47,4.16,1,2024-03-25 14:00:24
585,Riverstone 585,11,3.98,1,2024-04-14 00:33:47
586,Amberfield 586,44,3.74,1,2025-08-06 07:56:56
587,Cedar Grove 587,38,4.04,1,2024-05-18 15:27:47
588,Silverline 588,4,4.11,1,2024-09-25 14:10:22
589,Elm & Ivy 589,45,4.16,1,2025-01-02 15:33:16
590,Meadow Lane 590,22,4.21,1,2024-10-20 00:59:55
591,Brighton 591,23,4.55,1,2025-07-08 07:45:19
592,Eastwood 592,31,3.47,1,2025-07-28 10:09:09
593,Maplecrest 593,21,3.77,1,2025-06-25 08:37:50
594,Harborview 594,20,4.24,1,2024-10-29 15:36:24
595,Violet Lane 595,47,3.96,1,2024-04-25 14:28:57
596,Rainier 596,5,3.78,1,2026-01-22 21:34:16
597,Granite Goods 597,13,4.34,1,2025-12-04 15:26:43
598,Wellspring 598,42,4.16,1,2024-07-31 23:49:34
599,Heritage Shop 599,10,3.93,1,2024-12-08 05:37:26
600,Canyon Market 600,8,4.39,1,2024-05-15 22:48:06
601,Sunrise Market 601,24,3.87,1,2025-11-09 23:49:35
602,Lotus Mart 602,21,3.62,0,2025-09-08 07:39:54
603,Saigon Select 603,20,4.81,1,2025-12-31 10:37:33
604,Urban Thread 604,11,3.90,1,2025-01-31 06:51:27
605,Golden Leaf 605,21,4.86,1,2025-08-11 09:28:46
606,Bamboo House 606,46,4.14,1,2025-11-01 19:25:12
607,Coastal Goods 607,4,4.84,1,2025-12-08 09:56:34
608,Metro Outlet 608,34,3.82,1,2024-02-12 06:04:19
609,Aurora Supply 609,37,4.61,0,2025-04-13 22:07:04
610,Cedar & Co 610,42,4.18,1,2025-05-06 08:46:13
611,Amber Street 611,50,4.08,1,2025-09-27 04:13:42
612,Nova Essentials 612,12,4.56,1,2024-04-23 01:20:50
613,Lantern & Pine 613,30,4.36,1,2025-01-10 09:26:10
614,Velvet Road 614,45,4.53,1,2024-10-15 23:58:29
615,Craftline 615,50,4.06,1,2024-04-27 20:07:48
616,Evergreen Shop 616,7,4.15,1,2025-05-20 20:44:58
617,Maple & Oak 617,12,4.09,1,2025-08-29 09:08:04
618,City Harbor 618,3,4.28,1,2025-01-16 16:22:19
619,Bloom Bazaar 619,16,3.69,1,2024-12-07 20:03:07
620,Northgate Store 620,23,4.08,1,2025-10-29 16:11:18
621,Seaside Pantry 621,33,4.03,0,2024-04-04 08:08:13
622,Willow & Co 622,25,4.57,1,2025-08-30 03:56:51
623,Harbor Lane 623,34,3.53,1,2024-01-23 13:36:24
624,Citrine Corner 624,49,4.75,0,2024-02-03 18:25:31
625,Pinecrest 625,50,3.69,0,2025-03-16 19:28:54
626,Pearl Market 626,12,4.19,1,2025-08-02 15:56:44
627,Cobalt & Co 627,15,3.81,1,2025-03-01 08:48:53
628,Orchid Avenue 628,25,3.69,1,2024-04-02 12:42:10
629,Monarch Market 629,13,4.21,1,2025-06-22 10:59:58
630,Crescent Store 630,44,4.19,1,2024-06-27 04:07:22
631,Timberline 631,8,4.26,1,2026-01-19 14:16:33
632,Skyline Goods 632,32,4.69,1,2025-03-05 01:11:55
633,Copper & Co 633,47,4.45,1,2024-12-18 12:04:37
634,Slate Market 634,26,3.63,1,2024-04-02 04:50:16
635,Riverstone 635,27,4.47,1,2025-10-02 15:15:01
636,Amberfield 636,33,4.44,1,2024-03-18 03:40:45
637,Cedar Grove 637,3,4.12,1,2024-05-02 14:27:40
638,Silverline 638,41,3.85,1,2025-10-27 03:11:10
639,Elm & Ivy 639,5,4.64,1,2025-07-12 04:02:29
640,Meadow Lane 640,39,4.38,1,2025-09-08 09:09:43
641,Brighton 641,37,4.64,1,2024-08-24 08:28:05
642,Eastwood 642,1,4.85,1,2024-05-13 04:19:13
643,Maplecrest 643,8,3.92,1,2025-10-10 01:05:46
644,Harborview 644,28,4.59,1,2025-10-08 19:33:33
645,Violet Lane 645,2,3.42,1,2024-12-15 11:26:57
646,Rainier 646,46,4.61,1,2025-04-15 13:42:37
647,Granite Goods 647,36,3.71,1,2025-01-28 11:04:40
648,Wellspring 648,49,3.56,1,2024-10-26 01:01:53
649,Heritage Shop 649,9,4.71,1,2025-04-06 03:23:22
650,Canyon Market 650,41,3.46,0,2025-11-02 07:52:21
651,Sunrise Market 651,4,3.95,1,2025-04-30 14:41:01
652,Lotus Mart 652,4,4.86,1,2024-03-23 05:24:09
653,Saigon Select 653,14,4.58,1,2026-01-24 15:41:24
654,Urban Thread 654,4,4.70,0,2024-09-13 10:18:51
655,Golden Leaf 655,35,3.58,1,2025-06-03 05:33:55
656,Bamboo House 656,21,4.87,1,2025-11-08 17:08:54
657,Coastal Goods 657,46,3.60,1,2025-09-01 12:38:56
658,Metro Outlet 658,43,3.76,1,2025-07-30 13:10:03
659,Aurora Supply 659,21,4.22,1,2024-09-17 01:55:26
660,Cedar & Co 660,27,3.81,1,2024-07-21 03:01:28
661,Amber Street 661,32,4.57,1,2025-07-12 08:58:08
662,Nova Essentials 662,19,4.87,1,2024-05-04 03:31:24
663,Lantern & Pine 663,38,3.48,1,2024-08-16 04:41:40
664,Velvet Road 664,47,4.26,0,2025-02-24 03:22:35
665,Craftline 665,4,4.75,1,2025-02-14 12:29:41
666,Evergreen Shop 666,40,4.67,1,2024-10-24 08:02:57
667,Maple & Oak 667,31,3.82,0,2024-06-19 16:44:10
668,City Harbor 668,46,3.63,1,2025-07-14 19:43:09
669,Bloom Bazaar 669,4,3.58,1,2024-03-11 16:17:29
670,Northgate Store 670,38,3.78,1,2025-01-21 01:34:53
671,Seaside Pantry 671,9,4.40,1,2025-01-31 19:24:52
672,Willow & Co 672,6,4.70,1,2025-10-30 18:46:15
673,Harbor Lane 673,28,3.85,1,2024-04-07 02:13:46
674,Citrine Corner 674,19,3.70,1,2024-01-06 04:13:41
675,Pinecrest 675,43,3.93,1,2025-08-15 13:58:43
676,Pearl Market 676,23,4.39,1,2025-01-01 13:02:01
677,Cobalt & Co 677,13,4.83,1,2025-12-21 02:24:05
678,Orchid Avenue 678,44,3.81,0,2025-04-02 02:55:16
679,Monarch Market 679,20,3.57,1,2025-06-12 11:49:30
680,Crescent Store 680,34,4.36,1,2025-06-28 13:26:59
681,Timberline 681,6,4.08,1,2024-03-04 04:45:36
682,Skyline Goods 682,40,3.62,1,2025-12-09 20:10:31
683,Copper & Co 683,38,3.76,1,2025-10-05 07:28:42
684,Slate Market 684,27,3.85,1,2025-08-22 16:02:39
685,Riverstone 685,28,3.65,1,2025-08-01 21:21:25
686,Amberfield 686,50,4.14,1,2024-08-29 07:53:05
687,Cedar Grove 687,43,3.77,1,2024-11-09 04:59:50
688,Silverline 688,36,3.41,1,2025-10-10 17:45:11
689,Elm & Ivy 689,36,3.49,0,2024-03-25 15:11:04
690,Meadow Lane 690,30,4.56,1,2024-09-06 01:24:31
691,Brighton 691,47,4.27,1,2025-05-10 17:40:52
692,Eastwood 692,32,3.68,1,2024-01-28 14:09:40
693,Maplecrest 693,19,4.07,1,2025-12-07 19:26:40
694,Harborview 694,36,4.26,1,2025-03-07 10:06:45
695,Violet Lane 695,23,3.40,1,2024-12-19 14:39:00
696,Rainier 696,42,4.66,1,2024-10-01 17:10:22
697,Granite Goods 697,26,3.53,1,2025-11-29 07:26:26
698,Wellspring 698,6,4.11,1,2024-03-10 08:04:09
699,Heritage Shop 699,15,3.97,1,2024-10-05 14:45:18
700,Canyon Market 700,40,4.89,1,2024-06-03 18:14:15
701,Sunrise Market 701,1,3.94,1,2024-12-22 18:15:16
702,Lotus Mart 702,20,4.60,0,2025-08-25 06:17:15
703,Saigon Select 703,8,4.52,1,2025-07-18 15:23:38
704,Urban Thread 704,39,4.60,1,2025-03-05 00:53:30
705,Golden Leaf 705,22,4.24,1,2024-04-18 08:58:38
706,Bamboo House 706,5,3.96,1,2024-01-30 05:04:54
707,Coastal Goods 707,47,3.68,1,2024-09-06 14:36:49
708,Metro Outlet 708,42,3.84,1,2025-04-24 19:40:35
709,Aurora Supply 709,9,4.19,1,2024-05-03 16:01:32
710,Cedar & Co 710,45,4.13,1,2025-06-20 12:17:07
711,Amber Street 711,5,4.38,1,2024-08-30 04:42:09
712,Nova Essentials 712,41,4.71,1,2024-10-08 10:06:18
713,Lantern & Pine 713,13,4.23,1,2024-11-30 03:12:43
714,Velvet Road 714,15,3.49,0,2025-06-07 00:33:46
715,Craftline 715,3,3.41,1,2025-09-29 21:59:21
716,Evergreen Shop 716,4,3.97,1,2025-10-11 07:39:52
717,Maple & Oak 717,7,3.98,0,2024-10-06 19:38:28
718,City Harbor 718,33,4.38,1,2025-06-16 10:51:21
719,Bloom Bazaar 719,40,3.86,1,2025-01-10 00:02:49
720,Northgate Store 720,30,3.55,1,2024-05-15 19:06:24
721,Seaside Pantry 721,45,3.83,1,2024-10-30 22:10:16
722,Willow & Co 722,14,4.86,1,2025-12-14 22:40:03
723,Harbor Lane 723,19,4.60,1,2024-01-25 03:03:17
724,Citrine Corner 724,42,4.44,0,2026-01-21 09:53:59
725,Pinecrest 725,24,4.54,0,2026-01-18 22:08:14
726,Pearl Market 726,30,3.86,1,2024-12-11 12:42:07
727,Cobalt & Co 727,50,4.11,0,2025-09-19 18:29:15
728,Orchid Avenue 728,1,4.12,1,2025-02-08 01:55:18
729,Monarch Market 729,8,3.45,1,2024-01-19 08:06:08
730,Crescent Store 730,3,4.57,1,2024-04-05 02:25:41
731,Timberline 731,27,3.87,1,2024-04-22 01:57:27
732,Skyline Goods 732,1,3.55,1,2025-04-04 06:45:45
733,Copper & Co 733,35,3.73,1,2024-07-30 07:01:41
734,Slate Market 734,23,4.18,1,2024-08-10 20:31:47
735,Riverstone 735,42,3.68,1,2025-12-21 16:15:36
736,Amberfield 736,40,4.10,1,2025-06-09 04:03:08
737,Cedar Grove 737,12,4.81,1,2024-05-19 04:03:04
738,Silverline 738,29,4.08,1,2025-01-26 22:19:22
739,Elm & Ivy 739,12,4.57,1,2026-01-06 15:03:19
740,Meadow Lane 740,41,4.20,1,2025-05-09 18:22:30
741,Brighton 741,38,4.25,1,2025-12-04 05:27:58
742,Eastwood 742,11,3.77,1,2026-01-17 04:52:47
743,Maplecrest 743,2,4.85,1,2024-10-21 08:25:58
744,Harborview 744,15,4.39,1,2025-03-30 09:06:57
745,Violet Lane 745,22,4.76,1,2025-11-24 06:31:54
746,Rainier 746,5,4.88,1,2024-03-26 20:07:02
747,Granite Goods 747,1,4.58,1,2024-06-19 18:31:55
748,Wellspring 748,13,4.20,1,2024-10-29 17:32:16
749,Heritage Shop 749,22,4.13,1,2024-03-19 23:54:40
750,Canyon Market 750,9,4.71,1,2024-05-31 12:33:50
751,Sunrise Market 751,39,3.97,1,2025-04-06 20:07:49
752,Lotus Mart 752,41,4.26,1,2025-07-03 16:51:58
753,Saigon Select 753,28,3.62,1,2025-04-03 19:42:08
754,Urban Thread 754,33,4.44,1,2024-09-16 19:43:00
755,Golden Leaf 755,34,4.50,1,2024-03-01 09:30:15
756,Bamboo House 756,4,3.77,1,2024-04-16 20:58:25
757,Coastal Goods 757,34,3.92,1,2024-08-02 13:38:09
758,Metro Outlet 758,40,3.62,1,2025-11-03 03:15:45
759,Aurora Supply 759,18,4.12,1,2025-06-21 07:40:54
760,Cedar & Co 760,31,4.61,1,2024-01-04 10:05:58
761,Amber Street 761,9,3.47,1,2024-09-24 10:35:42
762,Nova Essentials 762,40,4.08,1,2024-06-16 15:47:51
763,Lantern & Pine 763,46,4.07,1,2024-09-17 20:24:34
764,Velvet Road 764,43,4.05,1,2026-01-27 04:40:06
765,Craftline 765,37,4.13,1,2026-01-29 05:31:18
766,Evergreen Shop 766,30,3.45,0,2025-03-11 18:09:10
767,Maple & Oak 767,6,4.81,1,2025-07-16 17:23:40
768,City Harbor 768,46,4.18,1,2024-03-12 01:23:46
769,Bloom Bazaar 769,19,3.85,1,2025-11-18 01:47:20
770,Northgate Store 770,6,4.24,1,2025-11-26 00:58:39
771,Seaside Pantry 771,35,3.63,1,2025-04-10 17:07:52
772,Willow & Co 772,27,3.92,1,2025-01-21 18:23:38
773,Harbor Lane 773,7,3.44,1,2025-02-02 11:43:59
774,Citrine Corner 774,5,3.90,1,2025-01-05 06:59:00
775,Pinecrest 775,3,4.12,1,2024-10-19 00:00:06
776,Pearl Market 776,5,4.76,1,2024-01-09 23:26:51
777,Cobalt & Co 777,45,4.62,1,2025-05-20 18:56:21
778,Orchid Avenue 778,21,3.72,0,2024-05-20 03:09:59
779,Monarch Market 779,13,3.91,0,2024-02-11 15:50:45
780,Crescent Store 780,30,4.44,1,2026-01-17 01:22:03
781,Timberline 781,29,3.46,1,2025-02-07 04:21:06
782,Skyline Goods 782,17,4.63,1,2024-03-23 04:17:44
783,Copper & Co 783,23,4.64,1,2024-06-06 02:04:32
784,Slate Market 784,46,3.97,1,2024-06-10 17:03:42
785,Riverstone 785,45,4.50,0,2024-02-06 13:54:17
786,Amberfield 786,25,4.14,1,2025-03-05 11:51:13
787,Cedar Grove 787,5,3.94,1,2024-07-28 17:29:02
788,Silverline 788,15,3.46,1,2024-09-05 12:10:36
789,Elm & Ivy 789,35,3.73,1,2024-05-27 18:34:06
790,Meadow Lane 790,32,3.66,1,2025-12-15 14:20:51
791,Brighton 791,18,3.81,1,2025-02-10 03:11:12
792,Eastwood 792,8,4.79,1,2025-11-11 18:46:28
793,Maplecrest 793,50,4.47,1,2024-04-27 16:24:02
794,Harborview 794,26,4.78,1,2025-05-18 21:21:29
795,Violet Lane 795,9,3.71,1,2024-10-01 04:04:16
796,Rainier 796,25,4.35,1,2025-03-06 17:36:25
797,Granite Goods 797,9,4.40,1,2025-01-27 06:03:50
798,Wellspring 798,8,3.45,1,2024-03-12 02:28:19
799,Heritage Shop 799,6,3.61,1,2025-08-22 13:55:16
800,Canyon Market 800,37,4.23,1,2025-06-05 19:21:53
801,Sunrise Market 801,21,4.73,1,2025-02-20 17:51:27
802,Lotus Mart 802,43,4.20,0,2025-08-08 00:14:05
803,Saigon Select 803,28,3.74,1,2024-03-24 22:20:15
804,Urban Thread 804,41,4.64,1,2024-12-01 00:41:08
805,Golden Leaf 805,6,4.33,1,2024-10-05 01:29:36
806,Bamboo House 806,7,3.42,1,2024-04-30 20:07:35
807,Coastal Goods 807,2,4.56,1,2024-07-16 23:08:23
808,Metro Outlet 808,50,3.90,1,2024-12-09 12:02:29
809,Aurora Supply 809,36,4.36,1,2024-09-19 11:35:27
810,Cedar & Co 810,26,3.81,1,2025-05-19 02:25:48
811,Amber Street 811,13,3.75,1,2024-01-16 13:43:32
812,Nova Essentials 812,23,3.85,0,2025-05-26 23:07:24
813,Lantern & Pine 813,36,3.92,1,2025-03-11 14:24:54
814,Velvet Road 814,13,4.09,1,2024-06-09 01:48:11
815,Craftline 815,49,4.67,1,2025-07-16 07:30:30
816,Evergreen Shop 816,22,4.83,0,2025-01-12 19:03:41
817,Maple & Oak 817,33,3.91,1,2024-03-15 10:26:39
818,City Harbor 818,13,4.16,1,2025-09-23 23:53:15
819,Bloom Bazaar 819,17,4.68,1,2025-03-05 20:43:16
820,Northgate Store 820,50,4.18,1,2025-06-04 21:22:46
821,Seaside Pantry 821,26,4.39,1,2025-07-01 19:31:55
822,Willow & Co 822,10,4.19,1,2024-06-10 00:36:56
823,Harbor Lane 823,23,4.60,0,2025-12-31 23:20:26
824,Citrine Corner 824,46,4.81,1,2024-08-01 12:54:48
825,Pinecrest 825,7,4.55,1,2025-06-26 19:57:18
826,Pearl Market 826,31,3.76,1,2025-02-21 20:49:32
827,Cobalt & Co 827,16,4.03,1,2025-12-01 20:49:14
828,Orchid Avenue 828,9,4.27,1,2024-12-04 19:26:16
829,Monarch Market 829,4,4.31,0,2025-10-19 18:45:56
830,Crescent Store 830,34,4.31,1,2025-09-08 16:33:41
831,Timberline 831,30,4.14,1,2025-04-27 18:56:03
832,Skyline Goods 832,40,3.66,1,2024-10-23 02:08:32
833,Copper & Co 833,9,4.48,1,2025-10-19 12:15:27
834,Slate Market 834,12,4.70,1,2025-05-15 23:30:29
835,Riverstone 835,2,4.17,1,2025-12-20 21:43:05
836,Amberfield 836,34,3.79,1,2025-04-01 03:40:10
837,Cedar Grove 837,25,4.53,1,2025-02-22 21:16:37
838,Silverline 838,11,4.12,0,2025-06-17 15:53:36
839,Elm & Ivy 839,22,3.97,1,2024-05-16 04:27:35
840,Meadow Lane 840,5,4.20,1,2024-07-25 00:37:50
841,Brighton 841,31,3.48,1,2024-03-30 15:41:07
842,Eastwood 842,5,3.50,1,2026-01-09 00:13:09
843,Maplecrest 843,3,4.72,1,2024-12-29 05:30:43
844,Harborview 844,32,4.32,1,2024-05-12 03:10:02
845,Violet Lane 845,5,4.29,1,2025-11-28 19:03:57
846,Rainier 846,48,3.90,1,2025-03-18 10:16:55
847,Granite Goods 847,12,3.41,1,2024-08-30 07:10:07
848,Wellspring 848,44,3.89,0,2025-08-24 02:55:42
849,Heritage Shop 849,10,3.67,1,2025-12-14 21:55:00
850,Canyon Market 850,31,3.84,0,2025-10-12 18:40:17
851,Sunrise Market 851,26,4.06,1,2025-09-14 08:37:01
852,Lotus Mart 852,49,4.64,1,2024-09-11 06:47:15
853,Saigon Select 853,17,4.41,1,2025-10-02 09:18:49
854,Urban Thread 854,25,3.91,1,2024-06-19 10:47:49
855,Golden Leaf 855,15,3.75,1,2024-01-17 06:32:19
856,Bamboo House 856,49,4.82,1,2024-10-10 13:03:37
857,Coastal Goods 857,31,3.91,1,2024-12-04 11:56:11
858,Metro Outlet 858,20,4.48,1,2025-05-27 13:58:00
859,Aurora Supply 859,27,4.50,1,2024-10-08 16:08:27
860,Cedar & Co 860,31,3.53,1,2025-05-29 13:38:36
861,Amber Street 861,19,4.65,1,2024-10-24 15:13:15
862,Nova Essentials 862,47,4.22,1,2024-11-16 03:49:03
863,Lantern & Pine 863,8,3.55,1,2025-10-29 22:18:03
864,Velvet Road 864,5,4.61,0,2024-02-10 06:36:38
865,Craftline 865,44,4.11,1,2025-08-12 05:38:24
866,Evergreen Shop 866,35,3.78,1,2024-09-23 20:07:56
867,Maple & Oak 867,2,4.39,1,2024-03-15 04:02:38
868,City Harbor 868,18,3.74,0,2025-05-26 12:04:44
869,Bloom Bazaar 869,15,3.50,0,2024-01-03 19:20:49
870,Northgate Store 870,29,4.11,1,2024-07-03 05:43:08
871,Seaside Pantry 871,35,3.78,1,2024-12-17 12:44:57
872,Willow & Co 872,20,4.58,1,2024-11-07 14:02:17
873,Harbor Lane 873,35,3.56,1,2024-12-27 10:58:32
874,Citrine Corner 874,23,4.08,1,2026-01-28 21:49:01
875,Pinecrest 875,19,3.57,1,2024-01-07 16:36:50
876,Pearl Market 876,40,4.38,1,2025-11-03 19:57:28
877,Cobalt & Co 877,9,3.68,1,2024-07-22 06:27:36
878,Orchid Avenue 878,38,4.33,0,2025-07-18 00:10:34
879,Monarch Market 879,38,3.96,1,2024-05-25 00:00:26
880,Crescent Store 880,6,3.96,1,2024-04-27 23:20:54
881,Timberline 881,45,3.80,1,2025-01-29 14:34:47
882,Skyline Goods 882,47,3.50,1,2024-09-14 21:15:51
883,Copper & Co 883,38,4.23,1,2025-07-26 20:53:31
884,Slate Market 884,37,3.61,1,2024-12-29 06:23:01
885,Riverstone 885,1,3.85,1,2025-10-13 11:59:09
886,Amberfield 886,15,4.55,1,2024-05-26 02:59:35
887,Cedar Grove 887,49,4.71,1,2025-11-17 20:24:23
888,Silverline 888,31,3.88,1,2025-11-12 20:11:47
889,Elm & Ivy 889,37,4.51,1,2024-10-24 10:37:15
890,Meadow Lane 890,37,4.72,1,2025-09-26 23:46:59
891,Brighton 891,7,3.89,1,2025-09-15 07:14:53
892,Eastwood 892,16,4.02,1,2026-01-25 22:01:34
893,Maplecrest 893,39,4.16,1,2025-01-04 13:15:16
894,Harborview 894,22,3.49,1,2025-03-05 14:15:54
895,Violet Lane 895,42,4.63,1,2026-01-17 20:20:16
896,Rainier 896,38,4.87,1,2024-02-28 04:08:58
897,Granite Goods 897,16,4.07,1,2024-10-18 10:27:05
898,Wellspring 898,26,4.34,1,2024-04-05 15:27:03
899,Heritage Shop 899,1,4.90,1,2025-01-30 17:55:14
900,Canyon Market 900,4,3.71,1,2025-03-10 20:53:09
901,Sunrise Market 901,47,3.99,1,2025-09-22 04:49:08
902,Lotus Mart 902,8,3.53,1,2025-07-08 21:51:29
903,Saigon Select 903,5,4.62,1,2025-12-27 00:35:42
904,Urban Thread 904,38,4.03,1,2024-03-29 03:40:19
905,Golden Leaf 905,25,4.70,1,2024-01-22 18:42:17
906,Bamboo House 906,21,3.59,1,2024-07-20 22:07:13
907,Coastal Goods 907,30,3.62,0,2024-08-10 09:28:09
908,Metro Outlet 908,41,4.17,1,2026-01-18 04:20:08
909,Aurora Supply 909,2,3.53,1,2024-01-01 00:33:49
910,Cedar & Co 910,15,4.87,1,2025-12-15 11:51:43
911,Amber Street 911,34,3.77,1,2024-01-24 22:15:10
912,Nova Essentials 912,44,4.22,0,2024-04-09 12:00:30
913,Lantern & Pine 913,35,3.86,1,2024-07-16 15:37:08
914,Velvet Road 914,9,4.05,0,2024-10-08 23:58:53
915,Craftline 915,40,3.74,1,2024-01-03 18:29:53
916,Evergreen Shop 916,45,4.43,1,2024-12-25 09:02:52
917,Maple & Oak 917,49,4.38,1,2025-03-01 12:46:24
918,City Harbor 918,28,4.46,1,2025-05-05 22:24:09
919,Bloom Bazaar 919,28,4.12,1,2025-06-17 01:03:57
920,Northgate Store 920,46,4.62,1,2026-01-23 04:57:10
921,Seaside Pantry 921,29,4.27,1,2025-04-21 04:30:59
922,Willow & Co 922,35,3.80,1,2025-06-01 07:53:47
923,Harbor Lane 923,1,4.84,1,2025-04-10 08:49:40
924,Citrine Corner 924,49,4.44,1,2024-06-04 18:17:34
925,Pinecrest 925,7,3.50,1,2025-06-20 06:47:09
926,Pearl Market 926,2,4.40,1,2024-12-18 04:54:25
927,Cobalt & Co 927,46,3.71,1,2025-01-17 09:43:12
928,Orchid Avenue 928,31,4.16,1,2025-12-27 18:42:43
929,Monarch Market 929,40,4.43,1,2024-07-31 10:49:59
930,Crescent Store 930,10,3.96,1,2024-07-15 08:59:39
931,Timberline 931,14,4.05,1,2025-08-13 07:41:26
932,Skyline Goods 932,41,3.42,1,2024-10-21 22:13:02
933,Copper & Co 933,46,3.92,1,2024-01-13 14:09:10
934,Slate Market 934,25,4.57,1,2025-09-25 22:50:32
935,Riverstone 935,32,4.69,1,2025-07-15 08:01:29
936,Amberfield 936,50,3.63,1,2024-03-01 00:58:07
937,Cedar Grove 937,10,4.59,1,2025-06-30 00:38:37
938,Silverline 938,45,4.57,1,2025-02-01 06:43:52
939,Elm & Ivy 939,5,3.77,0,2025-04-02 20:42:38
940,Meadow Lane 940,34,3.94,1,2025-01-17 02:50:42
941,Brighton 941,46,4.15,1,2024-08-05 05:39:04
942,Eastwood 942,35,4.05,1,2025-08-01 09:47:24
943,Maplecrest 943,44,3.88,1,2024-06-14 10:22:04
944,Harborview 944,30,3.70,1,2024-06-20 02:02:21
945,Violet Lane 945,18,4.56,1,2024-10-05 17:51:47
946,Rainier 946,2,3.42,1,2024-09-25 20:26:15
947,Granite Goods 947,1,4.15,1,2024-05-31 15:49:15
948,Wellspring 948,1,4.78,1,2024-01-17 00:19:04
949,Heritage Shop 949,30,4.00,1,2025-07-30 10:28:18
950,Canyon Market 950,17,4.46,0,2025-08-11 08:45:54
951,Sunrise Market 951,11,4.69,0,2025-02-01 04:37:29
952,Lotus Mart 952,36,4.63,1,2024-12-24 15:02:42
953,Saigon Select 953,34,4.62,1,2025-09-01 05:05:02
954,Urban Thread 954,45,4.03,1,2025-01-25 04:31:13
955,Golden Leaf 955,48,4.66,1,2024-04-17 13:10:37
956,Bamboo House 956,38,3.52,1,2025-07-10 04:37:00
957,Coastal Goods 957,5,3.57,1,2025-05-04 07:15:09
958,Metro Outlet 958,8,4.66,1,2024-09-02 18:11:54
959,Aurora Supply 959,25,4.54,1,2024-11-29 04:24:42
960,Cedar & Co 960,20,4.86,1,2025-06-24 21:55:35
961,Amber Street 961,18,4.81,1,2025-04-07 14:18:08
962,Nova Essentials 962,23,3.46,1,2025-06-09 22:53:20
963,Lantern & Pine 963,5,3.52,1,2024-08-09 09:49:12
964,Velvet Road 964,6,3.68,1,2025-12-23 12:41:25
965,Craftline 965,7,3.97,1,2025-06-05 23:14:24
966,Evergreen Shop 966,9,4.02,1,2025-06-01 18:52:01
967,Maple & Oak 967,16,4.15,1,2024-05-27 21:52:33
968,City Harbor 968,20,3.44,1,2025-01-22 06:48:49
969,Bloom Bazaar 969,11,4.82,1,2024-10-07 22:28:56
970,Northgate Store 970,46,3.58,1,2024-01-20 16:28:45
971,Seaside Pantry 971,43,3.82,1,2024-07-26 07:39:42
972,Willow & Co 972,47,4.85,1,2025-03-10 09:23:11
973,Harbor Lane 973,40,3.72,1,2025-06-01 12:13:06
974,Citrine Corner 974,5,4.16,1,2025-02-21 22:37:06
975,Pinecrest 975,1,4.48,1,2024-07-11 14:24:57
976,Pearl Market 976,39,3.77,1,2025-08-26 09:47:02
977,Cobalt & Co 977,33,4.40,1,2024-11-14 20:02:43
978,Orchid Avenue 978,35,3.73,1,2025-07-07 11:37:49
979,Monarch Market 979,48,3.49,1,2025-09-08 19:22:09
980,Crescent Store 980,1,4.46,1,2024-11-27 02:48:33
981,Timberline 981,3,4.37,1,2024-01-15 00:52:38
982,Skyline Goods 982,27,4.85,1,2024-11-11 06:26:10
983,Copper & Co 983,27,4.07,1,2025-06-04 08:41:37
984,Slate Market 984,9,4.07,1,2024-11-17 05:08:47
985,Riverstone 985,28,4.72,1,2024-05-15 20:57:42
986,Amberfield 986,21,3.84,1,2024-01-29 22:58:30
987,Cedar Grove 987,48,4.72,1,2025-01-18 12:55:51
988,Silverline 988,38,4.71,1,2024-05-16 14:28:45
989,Elm & Ivy 989,26,3.73,1,2025-03-07 11:40:46
990,Meadow Lane 990,2,3.82,1,2025-12-07 04:30:09
991,Brighton 991,36,4.39,1,2024-03-25 21:18:02
992,Eastwood 992,11,4.74,1,2024-02-26 04:40:00
993,Maplecrest 993,43,3.98,1,2025-06-08 23:08:13
994,Harborview 994,3,3.46,1,2025-09-20 02:57:54
995,Violet Lane 995,30,4.54,1,2024-02-06 22:49:41
996,Rainier 996,30,3.47,1,2024-05-01 04:14:16
997,Granite Goods 997,23,3.82,1,2024-07-27 23:47:19
998,Wellspring 998,17,4.25,1,2025-08-21 03:47:57
999,Heritage Shop 999,12,4.12,1,2024-01-12 22:40:55
1000,Canyon Market 1000,35,3.55,1,2025-10-12 10:01:19
