order_id,user_id,shop_id,order_status,subtotal,discount_amount,total_amount,order_date
1,4,9,PAID,0,0,0,6/15/2025 0:00
2,4,8,PAID,0,0,0,10/28/2024 0:00
3,4,1,COMPLETED,0,0,0,11/11/2024 0:00
4,34,2,SHIPPING,0,0,0,9/27/2024 0:00
5,36,4,PAID,0,0,0,12/23/2024 0:00
6,17,8,SHIPPING,0,0,0,9/29/2024 0:00
7,29,2,PAID,0,0,0,10/21/2024 0:00
8,38,10,PACKING,0,0,0,2/18/2024 0:00
9,1,4,CREATED,0,0,0,1/30/2024 0:00
10,38,2,SHIPPING,0,0,0,1/11/2024 0:00
11,30,2,PACKING,0,0,0,3/27/2025 0:00
12,19,7,PAID,0,0,0,2/13/2024 0:00
13,15,8,SHIPPING,0,0,0,7/30/2024 0:00
14,40,9,PAID,0,0,0,3/19/2024 0:00
15,7,2,CREATED,0,0,0,11/19/2024 0:00
16,29,2,PACKING,0,0,0,4/8/2025 0:00
17,11,9,PAID,0,0,0,11/7/2024 0:00
18,33,3,SHIPPING,0,0,0,4/27/2024 0:00
19,47,1,PACKING,0,0,0,9/9/2024 0:00
20,30,3,CREATED,0,0,0,4/23/2024 0:00
21,19,3,COMPLETED,0,0,0,7/16/2024 0:00
22,37,9,COMPLETED,0,0,0,1/31/2024 0:00
23,30,7,PACKING,0,0,0,7/18/2024 0:00
24,40,8,COMPLETED,0,0,0,5/18/2024 0:00
25,29,2,CREATED,0,0,0,1/27/2024 0:00
26,30,9,PAID,0,0,0,3/26/2025 0:00
27,40,10,CREATED,0,0,0,1/30/2024 0:00
28,27,3,COMPLETED,0,0,0,7/26/2025 0:00
29,28,3,PAID,0,0,0,8/20/2024 0:00
30,43,4,PAID,0,0,0,5/1/2025 0:00
31,13,6,COMPLETED,0,0,0,6/26/2024 0:00
32,18,3,PACKING,0,0,0,6/28/2025 0:00
33,8,3,PAID,0,0,0,1/10/2024 0:00
34,28,4,CREATED,0,0,0,8/17/2024 0:00
35,8,9,COMPLETED,0,0,0,5/21/2024 0:00
36,20,8,PAID,0,0,0,3/5/2024 0:00
37,33,5,COMPLETED,0,0,0,1/17/2024 0:00
38,13,2,COMPLETED,0,0,0,5/20/2024 0:00
39,39,6,PAID,0,0,0,11/24/2024 0:00
40,33,10,PACKING,0,0,0,8/13/2025 0:00
41,31,2,COMPLETED,0,0,0,3/27/2024 0:00
42,23,8,SHIPPING,0,0,0,6/13/2025 0:00
43,6,2,CREATED,0,0,0,7/6/2025 0:00
44,28,10,SHIPPING,0,0,0,9/24/2024 0:00
45,32,10,PAID,0,0,0,7/18/2024 0:00
46,42,1,PAID,0,0,0,2/11/2025 0:00
47,23,7,PAID,0,0,0,1/9/2024 0:00
48,13,8,PACKING,0,0,0,7/10/2025 0:00
49,46,1,PACKING,0,0,0,10/13/2024 0:00
50,23,9,PAID,0,0,0,12/26/2024 0:00
51,39,9,PACKING,0,0,0,9/22/2024 0:00
52,19,6,COMPLETED,0,0,0,7/9/2025 0:00
53,30,7,CREATED,0,0,0,1/29/2025 0:00
54,30,1,COMPLETED,0,0,0,2/17/2025 0:00
55,19,4,SHIPPING,0,0,0,6/26/2025 0:00
56,32,7,PACKING,0,0,0,6/25/2025 0:00
57,50,5,CREATED,0,0,0,6/30/2025 0:00
58,35,10,SHIPPING,0,0,0,4/21/2025 0:00
59,20,4,COMPLETED,0,0,0,10/12/2024 0:00
60,30,6,PAID,0,0,0,3/31/2024 0:00
61,46,6,CREATED,0,0,0,7/3/2024 0:00
62,44,5,PACKING,0,0,0,5/5/2025 0:00
63,23,3,CREATED,0,0,0,7/30/2025 0:00
64,16,8,CREATED,0,0,0,2/7/2025 0:00
65,8,2,PACKING,0,0,0,5/16/2024 0:00
66,49,9,COMPLETED,0,0,0,8/1/2024 0:00
67,29,6,CREATED,0,0,0,6/22/2025 0:00
68,20,6,COMPLETED,0,0,0,1/27/2024 0:00
69,28,8,PAID,0,0,0,6/13/2025 0:00
70,44,9,PAID,0,0,0,2/22/2024 0:00
71,20,9,PACKING,0,0,0,11/20/2024 0:00
72,16,8,COMPLETED,0,0,0,5/28/2024 0:00
73,7,4,SHIPPING,0,0,0,8/12/2024 0:00
74,25,10,PACKING,0,0,0,11/22/2024 0:00
75,23,1,PACKING,0,0,0,2/10/2025 0:00
76,12,10,COMPLETED,0,0,0,2/11/2024 0:00
77,38,5,SHIPPING,0,0,0,2/22/2025 0:00
78,2,9,COMPLETED,0,0,0,5/1/2025 0:00
79,30,4,COMPLETED,0,0,0,5/29/2025 0:00
80,16,9,CREATED,0,0,0,3/7/2024 0:00
81,35,3,COMPLETED,0,0,0,2/5/2024 0:00
82,23,9,PACKING,0,0,0,5/14/2024 0:00
83,46,9,SHIPPING,0,0,0,7/22/2025 0:00
84,43,6,CREATED,0,0,0,2/24/2025 0:00
85,23,8,COMPLETED,0,0,0,7/13/2025 0:00
86,46,2,PACKING,0,0,0,2/2/2025 0:00
87,40,3,PAID,0,0,0,7/11/2025 0:00
88,19,7,SHIPPING,0,0,0,10/5/2024 0:00
89,41,9,SHIPPING,0,0,0,2/15/2024 0:00
90,45,5,CREATED,0,0,0,8/10/2024 0:00
91,17,1,SHIPPING,0,0,0,7/17/2024 0:00
92,18,3,SHIPPING,0,0,0,11/7/2024 0:00
93,44,9,COMPLETED,0,0,0,1/24/2025 0:00
94,25,6,CREATED,0,0,0,11/2/2024 0:00
95,39,5,COMPLETED,0,0,0,6/14/2025 0:00
96,1,8,PAID,0,0,0,1/24/2024 0:00
97,49,10,SHIPPING,0,0,0,8/6/2025 0:00
98,34,7,PACKING,0,0,0,9/30/2024 0:00
99,19,9,PACKING,0,0,0,7/14/2024 0:00
100,8,10,CREATED,0,0,0,7/2/2025 0:00
101,15,5,PAID,0,0,0,6/17/2025 0:00
102,37,9,PAID,0,0,0,6/30/2025 0:00
103,27,10,CREATED,0,0,0,6/15/2024 0:00
104,33,2,CREATED,0,0,0,8/23/2024 0:00
105,2,3,CREATED,0,0,0,3/31/2024 0:00
106,49,8,PAID,0,0,0,8/3/2024 0:00
107,25,4,PACKING,0,0,0,5/6/2025 0:00
108,23,9,SHIPPING,0,0,0,6/17/2024 0:00
109,35,7,PACKING,0,0,0,2/23/2024 0:00
110,31,2,PAID,0,0,0,2/16/2025 0:00
111,22,7,PACKING,0,0,0,10/16/2024 0:00
112,5,2,COMPLETED,0,0,0,1/16/2024 0:00
113,4,10,CREATED,0,0,0,6/3/2024 0:00
114,49,10,COMPLETED,0,0,0,4/11/2024 0:00
115,19,8,PACKING,0,0,0,2/10/2024 0:00
116,34,6,PACKING,0,0,0,3/16/2025 0:00
117,12,9,SHIPPING,0,0,0,5/1/2025 0:00
118,12,8,PAID,0,0,0,6/28/2024 0:00
119,13,2,CREATED,0,0,0,8/11/2024 0:00
120,5,8,COMPLETED,0,0,0,8/2/2025 0:00
121,46,6,COMPLETED,0,0,0,4/24/2025 0:00
122,1,10,PAID,0,0,0,4/20/2024 0:00
123,26,2,SHIPPING,0,0,0,2/18/2025 0:00
124,41,1,SHIPPING,0,0,0,8/17/2024 0:00
125,8,3,SHIPPING,0,0,0,3/5/2024 0:00
126,8,9,PACKING,0,0,0,5/10/2024 0:00
127,34,8,PAID,0,0,0,12/12/2024 0:00
128,8,8,PACKING,0,0,0,6/2/2025 0:00
129,35,7,SHIPPING,0,0,0,5/1/2025 0:00
130,5,5,PAID,0,0,0,5/20/2025 0:00
131,6,1,SHIPPING,0,0,0,6/8/2025 0:00
132,40,8,SHIPPING,0,0,0,1/11/2025 0:00
133,13,6,COMPLETED,0,0,0,3/19/2025 0:00
134,46,4,CREATED,0,0,0,8/19/2025 0:00
135,33,10,PACKING,0,0,0,9/11/2024 0:00
136,22,5,PACKING,0,0,0,3/29/2025 0:00
137,29,9,COMPLETED,0,0,0,9/23/2024 0:00
138,8,8,CREATED,0,0,0,2/17/2025 0:00
139,29,1,SHIPPING,0,0,0,12/30/2024 0:00
140,48,7,PACKING,0,0,0,1/30/2025 0:00
141,26,2,SHIPPING,0,0,0,8/2/2025 0:00
142,42,8,CREATED,0,0,0,8/22/2024 0:00
143,34,3,PAID,0,0,0,1/21/2025 0:00
144,2,5,COMPLETED,0,0,0,4/18/2024 0:00
145,14,1,PAID,0,0,0,7/4/2024 0:00
146,39,5,PAID,0,0,0,12/18/2024 0:00
147,22,4,PACKING,0,0,0,3/18/2024 0:00
148,28,6,COMPLETED,0,0,0,1/27/2024 0:00
149,39,4,COMPLETED,0,0,0,3/5/2025 0:00
150,21,2,PACKING,0,0,0,8/23/2025 0:00
151,34,2,PACKING,0,0,0,5/20/2025 0:00
152,2,8,PAID,0,0,0,3/3/2024 0:00
153,32,5,PACKING,0,0,0,4/16/2025 0:00
154,50,10,SHIPPING,0,0,0,4/22/2024 0:00
155,39,8,COMPLETED,0,0,0,8/27/2024 0:00
156,29,10,COMPLETED,0,0,0,4/10/2025 0:00
157,12,4,COMPLETED,0,0,0,12/25/2024 0:00
158,36,4,SHIPPING,0,0,0,6/8/2025 0:00
159,32,9,PACKING,0,0,0,4/3/2024 0:00
160,3,5,PACKING,0,0,0,12/9/2024 0:00
161,4,8,CREATED,0,0,0,2/7/2024 0:00
162,33,9,SHIPPING,0,0,0,10/10/2024 0:00
163,11,8,COMPLETED,0,0,0,6/20/2025 0:00
164,33,3,CREATED,0,0,0,12/9/2024 0:00
165,34,9,CREATED,0,0,0,5/12/2024 0:00
166,6,10,SHIPPING,0,0,0,8/8/2025 0:00
167,1,2,SHIPPING,0,0,0,6/20/2024 0:00
168,38,9,PACKING,0,0,0,3/16/2025 0:00
169,47,6,CREATED,0,0,0,11/15/2024 0:00
170,9,6,COMPLETED,0,0,0,3/29/2025 0:00
171,44,7,CREATED,0,0,0,9/6/2024 0:00
172,45,10,SHIPPING,0,0,0,5/16/2025 0:00
173,25,8,PAID,0,0,0,1/27/2025 0:00
174,17,2,COMPLETED,0,0,0,1/29/2024 0:00
175,33,4,COMPLETED,0,0,0,5/28/2025 0:00
176,33,1,PAID,0,0,0,9/17/2024 0:00
177,42,9,SHIPPING,0,0,0,5/3/2024 0:00
178,25,6,PACKING,0,0,0,10/20/2024 0:00
179,22,5,SHIPPING,0,0,0,9/22/2024 0:00
180,28,10,PACKING,0,0,0,1/26/2024 0:00
181,47,1,SHIPPING,0,0,0,8/2/2025 0:00
182,36,4,PACKING,0,0,0,3/27/2024 0:00
183,5,7,PACKING,0,0,0,11/28/2024 0:00
184,33,5,SHIPPING,0,0,0,6/10/2025 0:00
185,46,10,CREATED,0,0,0,7/4/2024 0:00
186,25,9,PACKING,0,0,0,8/12/2024 0:00
187,39,10,COMPLETED,0,0,0,10/27/2024 0:00
188,43,3,CREATED,0,0,0,3/23/2024 0:00
189,26,4,CREATED,0,0,0,6/23/2024 0:00
190,33,10,PACKING,0,0,0,4/11/2025 0:00
191,41,1,CREATED,0,0,0,1/15/2025 0:00
192,34,7,CREATED,0,0,0,2/12/2025 0:00
193,7,8,PACKING,0,0,0,4/8/2025 0:00
194,2,4,PAID,0,0,0,4/28/2025 0:00
195,32,10,PACKING,0,0,0,4/15/2024 0:00
196,8,4,PAID,0,0,0,7/30/2025 0:00
197,14,8,PACKING,0,0,0,5/15/2025 0:00
198,4,6,CREATED,0,0,0,7/30/2025 0:00
199,29,9,COMPLETED,0,0,0,3/26/2024 0:00
200,16,3,PACKING,0,0,0,2/4/2024 0:00
201,30,9,CREATED,0,0,0,3/1/2024 0:00
202,3,3,CREATED,0,0,0,1/20/2024 0:00
203,48,8,PACKING,0,0,0,10/12/2024 0:00
204,20,6,CREATED,0,0,0,2/7/2024 0:00
205,33,4,CREATED,0,0,0,10/2/2024 0:00
206,19,2,PAID,0,0,0,11/14/2024 0:00
207,41,3,COMPLETED,0,0,0,6/29/2024 0:00
208,35,7,CREATED,0,0,0,7/4/2025 0:00
209,31,10,COMPLETED,0,0,0,5/3/2025 0:00
210,33,2,PACKING,0,0,0,12/11/2024 0:00
211,50,3,PACKING,0,0,0,1/18/2024 0:00
212,47,4,CREATED,0,0,0,4/10/2025 0:00
213,20,1,PACKING,0,0,0,12/16/2024 0:00
214,42,7,PACKING,0,0,0,8/31/2024 0:00
215,21,3,PAID,0,0,0,8/19/2024 0:00
216,41,8,PACKING,0,0,0,12/20/2024 0:00
217,47,2,PACKING,0,0,0,2/29/2024 0:00
218,5,10,CREATED,0,0,0,1/24/2024 0:00
219,10,2,COMPLETED,0,0,0,3/27/2025 0:00
220,1,10,CREATED,0,0,0,6/8/2025 0:00
221,27,2,SHIPPING,0,0,0,7/21/2024 0:00
222,22,10,SHIPPING,0,0,0,2/7/2025 0:00
223,11,6,PAID,0,0,0,6/5/2024 0:00
224,22,1,SHIPPING,0,0,0,7/2/2024 0:00
225,34,6,PAID,0,0,0,8/25/2024 0:00
226,39,1,SHIPPING,0,0,0,3/24/2024 0:00
227,38,1,CREATED,0,0,0,2/8/2025 0:00
228,44,7,PAID,0,0,0,2/11/2024 0:00
229,40,8,CREATED,0,0,0,6/27/2024 0:00
230,34,6,SHIPPING,0,0,0,11/23/2024 0:00
231,32,6,CREATED,0,0,0,1/5/2024 0:00
232,42,8,CREATED,0,0,0,4/10/2025 0:00
233,8,1,PACKING,0,0,0,7/5/2025 0:00
234,6,8,CREATED,0,0,0,6/23/2025 0:00
235,7,2,SHIPPING,0,0,0,6/15/2024 0:00
236,24,3,COMPLETED,0,0,0,2/9/2024 0:00
237,23,5,PACKING,0,0,0,3/8/2025 0:00
238,43,1,COMPLETED,0,0,0,8/15/2024 0:00
239,40,9,SHIPPING,0,0,0,9/20/2024 0:00
240,32,9,COMPLETED,0,0,0,6/15/2025 0:00
241,38,4,COMPLETED,0,0,0,3/24/2025 0:00
242,39,9,PAID,0,0,0,7/12/2024 0:00
243,24,4,CREATED,0,0,0,2/11/2024 0:00
244,29,3,PACKING,0,0,0,1/21/2025 0:00
245,37,1,CREATED,0,0,0,2/24/2025 0:00
246,3,4,SHIPPING,0,0,0,2/12/2025 0:00
247,11,4,SHIPPING,0,0,0,6/7/2025 0:00
248,21,5,SHIPPING,0,0,0,3/12/2025 0:00
249,1,2,SHIPPING,0,0,0,10/5/2024 0:00
250,17,1,CREATED,0,0,0,3/29/2025 0:00
251,31,3,COMPLETED,0,0,0,12/11/2024 0:00
252,4,3,SHIPPING,0,0,0,8/1/2025 0:00
253,15,7,CREATED,0,0,0,1/25/2024 0:00
254,45,8,PACKING,0,0,0,3/21/2024 0:00
255,49,5,PAID,0,0,0,4/28/2025 0:00
256,6,2,PACKING,0,0,0,3/5/2025 0:00
257,50,1,COMPLETED,0,0,0,6/14/2024 0:00
258,11,2,PACKING,0,0,0,3/16/2025 0:00
259,44,3,PACKING,0,0,0,6/13/2024 0:00
260,47,9,COMPLETED,0,0,0,7/10/2025 0:00
261,28,8,PACKING,0,0,0,6/5/2025 0:00
262,34,5,CREATED,0,0,0,6/3/2025 0:00
263,9,4,CREATED,0,0,0,5/30/2025 0:00
264,5,6,PACKING,0,0,0,6/25/2024 0:00
265,40,4,CREATED,0,0,0,9/30/2024 0:00
266,33,6,PACKING,0,0,0,2/26/2025 0:00
267,48,4,CREATED,0,0,0,5/7/2025 0:00
268,34,9,PAID,0,0,0,10/19/2024 0:00
269,8,9,CREATED,0,0,0,12/21/2024 0:00
270,34,6,COMPLETED,0,0,0,4/12/2025 0:00
271,15,10,PAID,0,0,0,2/11/2025 0:00
272,14,9,COMPLETED,0,0,0,7/18/2025 0:00
273,44,5,SHIPPING,0,0,0,1/20/2025 0:00
274,22,2,SHIPPING,0,0,0,10/20/2024 0:00
275,37,5,COMPLETED,0,0,0,9/2/2024 0:00
276,13,6,COMPLETED,0,0,0,1/2/2025 0:00
277,27,4,COMPLETED,0,0,0,7/9/2025 0:00
278,19,8,PAID,0,0,0,7/11/2025 0:00
279,38,7,SHIPPING,0,0,0,6/27/2025 0:00
280,36,1,COMPLETED,0,0,0,8/18/2024 0:00
281,13,8,COMPLETED,0,0,0,9/28/2024 0:00
282,42,10,CREATED,0,0,0,1/21/2024 0:00
283,36,7,SHIPPING,0,0,0,3/15/2024 0:00
284,26,8,PACKING,0,0,0,9/26/2024 0:00
285,38,9,PACKING,0,0,0,2/3/2025 0:00
286,2,3,COMPLETED,0,0,0,6/13/2024 0:00
287,45,3,PACKING,0,0,0,9/27/2024 0:00
288,42,4,PAID,0,0,0,9/15/2024 0:00
289,44,6,SHIPPING,0,0,0,5/17/2025 0:00
290,1,3,COMPLETED,0,0,0,1/17/2024 0:00
291,16,4,PAID,0,0,0,6/12/2024 0:00
292,29,3,PACKING,0,0,0,5/10/2025 0:00
293,41,2,COMPLETED,0,0,0,4/23/2024 0:00
294,7,1,PACKING,0,0,0,8/12/2024 0:00
295,50,3,SHIPPING,0,0,0,6/4/2024 0:00
296,33,4,CREATED,0,0,0,4/25/2024 0:00
297,27,7,SHIPPING,0,0,0,1/28/2025 0:00
298,21,10,CREATED,0,0,0,2/28/2024 0:00
299,39,5,COMPLETED,0,0,0,6/25/2024 0:00
300,2,8,COMPLETED,0,0,0,3/10/2024 0:00
301,17,10,SHIPPING,0,0,0,4/7/2024 0:00
302,26,10,PACKING,0,0,0,4/24/2025 0:00
303,20,8,COMPLETED,0,0,0,7/16/2025 0:00
304,31,1,COMPLETED,0,0,0,4/24/2025 0:00
305,1,4,SHIPPING,0,0,0,1/26/2024 0:00
306,43,3,PACKING,0,0,0,2/29/2024 0:00
307,48,10,PAID,0,0,0,10/4/2024 0:00
308,22,7,CREATED,0,0,0,2/22/2024 0:00
309,34,4,SHIPPING,0,0,0,6/25/2025 0:00
310,2,6,CREATED,0,0,0,4/28/2025 0:00
311,26,3,PAID,0,0,0,7/31/2024 0:00
312,39,6,PAID,0,0,0,12/30/2024 0:00
313,13,7,PACKING,0,0,0,3/24/2025 0:00
314,49,8,COMPLETED,0,0,0,4/23/2024 0:00
315,19,10,PAID,0,0,0,12/12/2024 0:00
316,14,8,COMPLETED,0,0,0,11/22/2024 0:00
317,14,2,PACKING,0,0,0,1/26/2025 0:00
318,25,2,SHIPPING,0,0,0,2/2/2025 0:00
319,45,7,COMPLETED,0,0,0,10/24/2024 0:00
320,27,8,PACKING,0,0,0,3/25/2024 0:00
321,20,4,CREATED,0,0,0,8/22/2024 0:00
322,40,2,COMPLETED,0,0,0,3/27/2025 0:00
323,35,2,SHIPPING,0,0,0,7/28/2025 0:00
324,16,8,PACKING,0,0,0,12/23/2024 0:00
325,38,3,CREATED,0,0,0,3/13/2025 0:00
326,39,6,COMPLETED,0,0,0,3/17/2025 0:00
327,33,6,SHIPPING,0,0,0,3/22/2025 0:00
328,37,5,PACKING,0,0,0,9/29/2024 0:00
329,35,4,SHIPPING,0,0,0,7/10/2024 0:00
330,47,7,COMPLETED,0,0,0,6/3/2024 0:00
331,2,2,PAID,0,0,0,2/24/2024 0:00
332,33,2,CREATED,0,0,0,12/4/2024 0:00
333,31,6,COMPLETED,0,0,0,12/26/2024 0:00
334,38,9,SHIPPING,0,0,0,1/20/2025 0:00
335,8,7,CREATED,0,0,0,3/9/2024 0:00
336,49,2,PAID,0,0,0,11/21/2024 0:00
337,33,9,PAID,0,0,0,8/12/2025 0:00
338,44,8,COMPLETED,0,0,0,6/30/2024 0:00
339,42,1,SHIPPING,0,0,0,5/28/2024 0:00
340,6,8,CREATED,0,0,0,4/27/2024 0:00
341,2,8,CREATED,0,0,0,6/28/2025 0:00
342,34,4,COMPLETED,0,0,0,7/28/2024 0:00
343,31,9,PAID,0,0,0,5/3/2025 0:00
344,19,10,COMPLETED,0,0,0,8/26/2024 0:00
345,50,9,PAID,0,0,0,1/2/2025 0:00
346,18,6,SHIPPING,0,0,0,6/24/2025 0:00
347,19,2,SHIPPING,0,0,0,6/14/2024 0:00
348,32,8,CREATED,0,0,0,7/27/2024 0:00
349,8,4,PAID,0,0,0,11/2/2024 0:00
350,22,7,PAID,0,0,0,6/24/2024 0:00
351,19,10,PACKING,0,0,0,5/21/2024 0:00
352,47,5,CREATED,0,0,0,2/13/2025 0:00
353,45,9,CREATED,0,0,0,3/11/2025 0:00
354,28,8,SHIPPING,0,0,0,5/15/2025 0:00
355,10,2,PACKING,0,0,0,12/25/2024 0:00
356,5,1,PAID,0,0,0,2/4/2024 0:00
357,14,8,SHIPPING,0,0,0,6/28/2025 0:00
358,24,2,SHIPPING,0,0,0,3/18/2024 0:00
359,32,2,PACKING,0,0,0,1/25/2024 0:00
360,38,1,CREATED,0,0,0,1/11/2025 0:00
361,1,7,PACKING,0,0,0,9/11/2024 0:00
362,19,1,SHIPPING,0,0,0,6/8/2024 0:00
363,32,8,SHIPPING,0,0,0,8/6/2024 0:00
364,2,10,PAID,0,0,0,2/9/2025 0:00
365,21,8,CREATED,0,0,0,3/30/2025 0:00
366,15,1,SHIPPING,0,0,0,6/6/2025 0:00
367,42,6,PACKING,0,0,0,10/6/2024 0:00
368,5,3,CREATED,0,0,0,3/12/2025 0:00
369,26,9,SHIPPING,0,0,0,12/12/2024 0:00
370,20,3,PAID,0,0,0,5/8/2025 0:00
371,28,1,SHIPPING,0,0,0,12/14/2024 0:00
372,29,3,CREATED,0,0,0,3/24/2024 0:00
373,9,8,CREATED,0,0,0,2/26/2024 0:00
374,46,7,COMPLETED,0,0,0,5/22/2024 0:00
375,13,1,COMPLETED,0,0,0,7/23/2025 0:00
376,47,2,SHIPPING,0,0,0,4/26/2025 0:00
377,50,6,SHIPPING,0,0,0,6/29/2024 0:00
378,12,8,SHIPPING,0,0,0,4/3/2024 0:00
379,9,1,COMPLETED,0,0,0,1/9/2024 0:00
380,11,9,COMPLETED,0,0,0,3/7/2024 0:00
381,24,6,PACKING,0,0,0,1/25/2024 0:00
382,25,8,PAID,0,0,0,7/6/2024 0:00
383,26,9,SHIPPING,0,0,0,10/12/2024 0:00
384,19,9,PACKING,0,0,0,7/17/2024 0:00
385,19,9,SHIPPING,0,0,0,4/16/2025 0:00
386,6,5,PAID,0,0,0,2/15/2025 0:00
387,48,4,COMPLETED,0,0,0,7/8/2025 0:00
388,43,4,CREATED,0,0,0,6/7/2025 0:00
389,47,1,CREATED,0,0,0,10/4/2024 0:00
390,22,1,PAID,0,0,0,9/27/2024 0:00
391,10,4,COMPLETED,0,0,0,7/24/2025 0:00
392,43,8,PACKING,0,0,0,1/28/2025 0:00
393,14,5,SHIPPING,0,0,0,4/17/2024 0:00
394,19,10,SHIPPING,0,0,0,2/8/2025 0:00
395,24,9,SHIPPING,0,0,0,4/19/2025 0:00
396,46,4,PAID,0,0,0,9/4/2024 0:00
397,32,6,CREATED,0,0,0,3/13/2024 0:00
398,34,4,COMPLETED,0,0,0,11/16/2024 0:00
399,15,2,SHIPPING,0,0,0,5/17/2024 0:00
400,48,9,SHIPPING,0,0,0,1/28/2024 0:00
401,41,8,COMPLETED,0,0,0,1/22/2025 0:00
402,50,1,PACKING,0,0,0,2/27/2024 0:00
403,9,7,CREATED,0,0,0,10/24/2024 0:00
404,2,1,PACKING,0,0,0,12/19/2024 0:00
405,23,1,COMPLETED,0,0,0,1/18/2024 0:00
406,3,8,PAID,0,0,0,3/25/2025 0:00
407,23,2,COMPLETED,0,0,0,11/20/2024 0:00
408,2,9,PACKING,0,0,0,8/21/2025 0:00
409,9,8,PAID,0,0,0,1/11/2024 0:00
410,8,6,PACKING,0,0,0,6/29/2025 0:00
411,49,9,CREATED,0,0,0,11/19/2024 0:00
412,24,4,PACKING,0,0,0,2/5/2025 0:00
413,14,2,COMPLETED,0,0,0,2/22/2024 0:00
414,49,8,COMPLETED,0,0,0,8/20/2025 0:00
415,1,7,SHIPPING,0,0,0,4/2/2025 0:00
416,43,8,COMPLETED,0,0,0,4/9/2024 0:00
417,40,10,SHIPPING,0,0,0,3/9/2025 0:00
418,4,1,COMPLETED,0,0,0,2/19/2025 0:00
419,44,1,CREATED,0,0,0,5/6/2024 0:00
420,44,8,SHIPPING,0,0,0,8/2/2025 0:00
421,11,6,COMPLETED,0,0,0,1/18/2024 0:00
422,35,6,SHIPPING,0,0,0,1/12/2024 0:00
423,34,1,COMPLETED,0,0,0,7/24/2025 0:00
424,12,2,COMPLETED,0,0,0,2/22/2025 0:00
425,3,7,PAID,0,0,0,12/22/2024 0:00
426,11,4,SHIPPING,0,0,0,6/28/2024 0:00
427,28,1,SHIPPING,0,0,0,2/18/2025 0:00
428,6,7,PACKING,0,0,0,2/11/2024 0:00
429,27,3,SHIPPING,0,0,0,5/26/2024 0:00
430,4,4,COMPLETED,0,0,0,10/19/2024 0:00
431,32,7,PACKING,0,0,0,6/12/2025 0:00
432,12,4,COMPLETED,0,0,0,2/24/2025 0:00
433,4,7,SHIPPING,0,0,0,6/19/2024 0:00
434,2,3,CREATED,0,0,0,8/6/2025 0:00
435,14,1,CREATED,0,0,0,4/25/2025 0:00
436,18,6,CREATED,0,0,0,10/27/2024 0:00
437,9,8,CREATED,0,0,0,8/19/2025 0:00
438,39,7,PACKING,0,0,0,9/19/2024 0:00
439,5,3,PACKING,0,0,0,2/5/2024 0:00
440,7,6,PAID,0,0,0,2/4/2025 0:00
441,13,6,PAID,0,0,0,7/6/2025 0:00
442,10,2,COMPLETED,0,0,0,2/25/2025 0:00
443,6,5,PAID,0,0,0,5/29/2024 0:00
444,16,1,SHIPPING,0,0,0,11/27/2024 0:00
445,21,4,PACKING,0,0,0,6/23/2024 0:00
446,32,4,PAID,0,0,0,4/9/2025 0:00
447,27,6,COMPLETED,0,0,0,2/6/2025 0:00
448,8,4,COMPLETED,0,0,0,8/14/2025 0:00
449,44,5,COMPLETED,0,0,0,7/23/2025 0:00
450,3,4,CREATED,0,0,0,5/8/2024 0:00
451,33,1,SHIPPING,0,0,0,5/30/2025 0:00
452,47,4,PAID,0,0,0,3/21/2024 0:00
453,12,9,CREATED,0,0,0,2/6/2025 0:00
454,19,10,CREATED,0,0,0,9/23/2024 0:00
455,45,1,CREATED,0,0,0,2/5/2025 0:00
456,1,8,PACKING,0,0,0,5/15/2025 0:00
457,38,7,PAID,0,0,0,2/4/2024 0:00
458,48,6,PACKING,0,0,0,10/24/2024 0:00
459,10,1,PACKING,0,0,0,6/12/2024 0:00
460,27,2,CREATED,0,0,0,10/2/2024 0:00
461,21,5,PAID,0,0,0,2/1/2025 0:00
462,16,7,SHIPPING,0,0,0,10/7/2024 0:00
463,2,8,COMPLETED,0,0,0,5/7/2024 0:00
464,6,6,PACKING,0,0,0,9/18/2024 0:00
465,3,6,PACKING,0,0,0,1/10/2024 0:00
466,26,7,CREATED,0,0,0,5/2/2024 0:00
467,29,6,SHIPPING,0,0,0,4/19/2024 0:00
468,20,5,SHIPPING,0,0,0,4/24/2025 0:00
469,44,5,CREATED,0,0,0,6/3/2024 0:00
470,18,1,PACKING,0,0,0,4/22/2025 0:00
471,6,9,COMPLETED,0,0,0,9/3/2024 0:00
472,46,2,COMPLETED,0,0,0,8/31/2024 0:00
473,16,4,CREATED,0,0,0,2/12/2024 0:00
474,11,4,CREATED,0,0,0,8/18/2024 0:00
475,30,1,PAID,0,0,0,3/22/2024 0:00
476,18,1,COMPLETED,0,0,0,4/20/2024 0:00
477,18,1,CREATED,0,0,0,4/8/2024 0:00
478,47,5,PACKING,0,0,0,2/8/2024 0:00
479,8,7,CREATED,0,0,0,8/15/2025 0:00
480,18,7,COMPLETED,0,0,0,4/26/2024 0:00
481,23,4,PACKING,0,0,0,2/14/2024 0:00
482,1,5,PACKING,0,0,0,9/15/2024 0:00
483,8,10,SHIPPING,0,0,0,2/28/2025 0:00
484,30,7,SHIPPING,0,0,0,5/30/2024 0:00
485,29,8,SHIPPING,0,0,0,12/21/2024 0:00
486,36,9,PACKING,0,0,0,4/26/2024 0:00
487,44,8,PAID,0,0,0,2/21/2024 0:00
488,35,4,PACKING,0,0,0,2/2/2025 0:00
489,41,4,PAID,0,0,0,8/16/2024 0:00
490,6,2,SHIPPING,0,0,0,6/12/2024 0:00
491,29,3,COMPLETED,0,0,0,7/3/2025 0:00
492,42,3,SHIPPING,0,0,0,8/10/2025 0:00
493,35,4,COMPLETED,0,0,0,5/16/2025 0:00
494,35,6,CREATED,0,0,0,6/24/2024 0:00
495,20,8,CREATED,0,0,0,12/26/2024 0:00
496,14,1,SHIPPING,0,0,0,2/11/2025 0:00
497,38,2,PAID,0,0,0,6/8/2025 0:00
498,26,6,PACKING,0,0,0,8/1/2025 0:00
499,5,6,PAID,0,0,0,6/24/2024 0:00
500,44,8,COMPLETED,0,0,0,11/29/2024 0:00
501,12,10,COMPLETED,0,0,0,6/26/2025 0:00
502,30,3,CREATED,0,0,0,3/13/2024 0:00
503,13,8,PAID,0,0,0,2/20/2024 0:00
504,26,9,PAID,0,0,0,1/16/2024 0:00
505,33,7,CREATED,0,0,0,8/12/2025 0:00
506,41,4,SHIPPING,0,0,0,11/1/2024 0:00
507,43,3,COMPLETED,0,0,0,4/11/2024 0:00
508,24,6,CREATED,0,0,0,4/6/2025 0:00
509,26,10,PACKING,0,0,0,3/30/2024 0:00
510,44,3,SHIPPING,0,0,0,1/1/2024 0:00
511,41,7,CREATED,0,0,0,2/18/2024 0:00
512,25,6,PACKING,0,0,0,10/14/2024 0:00
513,32,5,CREATED,0,0,0,7/15/2025 0:00
514,29,7,SHIPPING,0,0,0,11/8/2024 0:00
515,1,10,SHIPPING,0,0,0,9/17/2024 0:00
516,23,7,PAID,0,0,0,4/14/2025 0:00
517,25,1,CREATED,0,0,0,1/27/2025 0:00
518,23,10,SHIPPING,0,0,0,4/30/2024 0:00
519,11,4,PAID,0,0,0,8/16/2024 0:00
520,44,2,PACKING,0,0,0,11/9/2024 0:00
521,32,9,PACKING,0,0,0,5/8/2024 0:00
522,10,1,PACKING,0,0,0,6/5/2025 0:00
523,40,5,PACKING,0,0,0,5/28/2025 0:00
524,7,8,PAID,0,0,0,1/25/2024 0:00
525,31,3,PAID,0,0,0,1/9/2025 0:00
526,4,4,COMPLETED,0,0,0,4/2/2025 0:00
527,19,1,CREATED,0,0,0,4/6/2024 0:00
528,13,1,PAID,0,0,0,3/17/2025 0:00
529,10,10,COMPLETED,0,0,0,6/8/2024 0:00
530,11,10,COMPLETED,0,0,0,10/8/2024 0:00
531,28,1,PAID,0,0,0,4/26/2024 0:00
532,2,10,PAID,0,0,0,1/17/2025 0:00
533,22,5,PACKING,0,0,0,9/15/2024 0:00
534,43,7,PAID,0,0,0,8/4/2024 0:00
535,7,7,CREATED,0,0,0,12/2/2024 0:00
536,10,2,PACKING,0,0,0,5/24/2024 0:00
537,37,6,PAID,0,0,0,7/25/2025 0:00
538,24,4,COMPLETED,0,0,0,8/16/2024 0:00
539,9,5,PAID,0,0,0,1/8/2024 0:00
540,24,10,CREATED,0,0,0,8/23/2024 0:00
541,19,7,SHIPPING,0,0,0,5/9/2025 0:00
542,43,10,PAID,0,0,0,1/2/2025 0:00
543,22,10,SHIPPING,0,0,0,5/10/2024 0:00
544,4,2,PAID,0,0,0,2/22/2025 0:00
545,15,4,CREATED,0,0,0,12/17/2024 0:00
546,21,6,SHIPPING,0,0,0,3/13/2025 0:00
547,44,6,SHIPPING,0,0,0,3/26/2025 0:00
548,22,10,PAID,0,0,0,4/24/2024 0:00
549,10,6,COMPLETED,0,0,0,9/13/2024 0:00
550,43,9,COMPLETED,0,0,0,2/24/2024 0:00
551,3,5,SHIPPING,0,0,0,6/24/2025 0:00
552,21,8,PAID,0,0,0,10/29/2024 0:00
553,44,9,COMPLETED,0,0,0,6/11/2025 0:00
554,17,2,COMPLETED,0,0,0,11/22/2024 0:00
555,14,7,CREATED,0,0,0,7/22/2024 0:00
556,43,7,PACKING,0,0,0,8/1/2024 0:00
557,36,6,COMPLETED,0,0,0,8/22/2024 0:00
558,12,1,CREATED,0,0,0,9/4/2024 0:00
559,29,9,CREATED,0,0,0,1/20/2025 0:00
560,43,6,PAID,0,0,0,12/21/2024 0:00
561,22,10,SHIPPING,0,0,0,9/19/2024 0:00
562,35,9,PAID,0,0,0,1/2/2024 0:00
563,45,8,PAID,0,0,0,5/18/2025 0:00
564,43,7,PAID,0,0,0,6/2/2025 0:00
565,29,2,COMPLETED,0,0,0,5/23/2024 0:00
566,19,8,COMPLETED,0,0,0,3/13/2025 0:00
567,9,9,SHIPPING,0,0,0,5/10/2025 0:00
568,31,4,COMPLETED,0,0,0,4/2/2024 0:00
569,1,4,CREATED,0,0,0,6/12/2025 0:00
570,14,9,COMPLETED,0,0,0,10/9/2024 0:00
571,19,5,CREATED,0,0,0,4/12/2024 0:00
572,39,2,COMPLETED,0,0,0,8/12/2024 0:00
573,12,8,CREATED,0,0,0,4/21/2024 0:00
574,20,10,SHIPPING,0,0,0,3/12/2025 0:00
575,13,6,PAID,0,0,0,2/18/2025 0:00
576,5,8,PAID,0,0,0,5/25/2024 0:00
577,46,9,COMPLETED,0,0,0,4/27/2024 0:00
578,26,1,COMPLETED,0,0,0,3/26/2025 0:00
579,41,2,PACKING,0,0,0,6/14/2025 0:00
580,36,8,SHIPPING,0,0,0,8/9/2024 0:00
581,6,8,COMPLETED,0,0,0,6/14/2024 0:00
582,32,10,PAID,0,0,0,8/8/2024 0:00
583,30,9,PAID,0,0,0,10/6/2024 0:00
584,3,7,PAID,0,0,0,1/9/2025 0:00
585,33,3,CREATED,0,0,0,11/30/2024 0:00
586,8,3,PAID,0,0,0,12/21/2024 0:00
587,30,1,CREATED,0,0,0,9/14/2024 0:00
588,9,4,COMPLETED,0,0,0,8/3/2025 0:00
589,28,3,PACKING,0,0,0,6/1/2024 0:00
590,34,3,PACKING,0,0,0,2/1/2024 0:00
591,30,10,PAID,0,0,0,8/14/2024 0:00
592,5,5,SHIPPING,0,0,0,9/20/2024 0:00
593,39,7,SHIPPING,0,0,0,5/8/2025 0:00
594,34,7,SHIPPING,0,0,0,7/2/2025 0:00
595,10,3,PACKING,0,0,0,1/17/2024 0:00
596,4,5,SHIPPING,0,0,0,12/16/2024 0:00
597,15,1,COMPLETED,0,0,0,1/18/2024 0:00
598,21,3,COMPLETED,0,0,0,6/27/2024 0:00
599,36,9,PAID,0,0,0,7/24/2024 0:00
600,29,8,PAID,0,0,0,9/22/2024 0:00
601,46,4,COMPLETED,0,0,0,8/23/2024 0:00
602,29,6,CREATED,0,0,0,3/15/2024 0:00
603,5,6,CREATED,0,0,0,3/12/2025 0:00
604,16,7,PACKING,0,0,0,1/12/2025 0:00
605,12,10,PAID,0,0,0,1/14/2025 0:00
606,32,9,CREATED,0,0,0,7/13/2024 0:00
607,37,4,COMPLETED,0,0,0,4/18/2024 0:00
608,13,3,COMPLETED,0,0,0,1/5/2024 0:00
609,39,6,COMPLETED,0,0,0,2/5/2025 0:00
610,20,5,SHIPPING,0,0,0,12/13/2024 0:00
611,17,7,COMPLETED,0,0,0,8/9/2025 0:00
612,48,4,SHIPPING,0,0,0,12/3/2024 0:00
613,37,6,SHIPPING,0,0,0,2/24/2025 0:00
614,11,4,COMPLETED,0,0,0,12/17/2024 0:00
615,7,4,SHIPPING,0,0,0,9/20/2024 0:00
616,27,5,COMPLETED,0,0,0,2/16/2025 0:00
617,37,10,PACKING,0,0,0,10/9/2024 0:00
618,31,6,SHIPPING,0,0,0,12/27/2024 0:00
619,36,4,COMPLETED,0,0,0,3/17/2024 0:00
620,1,1,COMPLETED,0,0,0,3/23/2025 0:00
621,39,10,PACKING,0,0,0,8/16/2024 0:00
622,19,5,PACKING,0,0,0,4/28/2025 0:00
623,32,2,PAID,0,0,0,12/20/2024 0:00
624,42,8,SHIPPING,0,0,0,10/16/2024 0:00
625,32,1,PAID,0,0,0,1/30/2024 0:00
626,49,6,CREATED,0,0,0,4/18/2024 0:00
627,43,8,PACKING,0,0,0,6/27/2025 0:00
628,50,9,PACKING,0,0,0,2/25/2024 0:00
629,23,4,COMPLETED,0,0,0,6/24/2024 0:00
630,1,4,CREATED,0,0,0,8/18/2024 0:00
631,7,4,PAID,0,0,0,7/2/2025 0:00
632,46,7,PAID,0,0,0,3/25/2025 0:00
633,33,3,PACKING,0,0,0,10/27/2024 0:00
634,28,6,PAID,0,0,0,3/9/2025 0:00
635,1,8,PAID,0,0,0,2/12/2025 0:00
636,27,8,SHIPPING,0,0,0,1/5/2024 0:00
637,21,1,SHIPPING,0,0,0,3/10/2024 0:00
638,27,3,PACKING,0,0,0,2/10/2025 0:00
639,2,3,PAID,0,0,0,6/5/2024 0:00
640,38,3,PAID,0,0,0,7/31/2024 0:00
641,14,3,CREATED,0,0,0,4/30/2025 0:00
642,41,3,PAID,0,0,0,2/7/2025 0:00
643,19,6,PAID,0,0,0,5/20/2025 0:00
644,19,9,CREATED,0,0,0,4/11/2024 0:00
645,39,2,SHIPPING,0,0,0,2/23/2025 0:00
646,50,10,PAID,0,0,0,6/17/2024 0:00
647,39,9,PACKING,0,0,0,5/19/2025 0:00
648,24,10,PACKING,0,0,0,8/8/2024 0:00
649,5,5,PACKING,0,0,0,11/12/2024 0:00
650,6,3,PACKING,0,0,0,7/24/2025 0:00
651,24,2,SHIPPING,0,0,0,2/7/2024 0:00
652,3,7,SHIPPING,0,0,0,11/1/2024 0:00
653,20,2,SHIPPING,0,0,0,10/27/2024 0:00
654,37,7,COMPLETED,0,0,0,5/22/2024 0:00
655,18,7,PAID,0,0,0,9/14/2024 0:00
656,22,6,CREATED,0,0,0,6/10/2025 0:00
657,14,6,PACKING,0,0,0,11/7/2024 0:00
658,43,1,SHIPPING,0,0,0,5/2/2025 0:00
659,27,3,COMPLETED,0,0,0,5/16/2024 0:00
660,50,8,CREATED,0,0,0,3/22/2025 0:00
661,33,9,COMPLETED,0,0,0,12/7/2024 0:00
662,9,6,SHIPPING,0,0,0,6/17/2025 0:00
663,9,5,CREATED,0,0,0,11/24/2024 0:00
664,21,9,PACKING,0,0,0,8/3/2024 0:00
665,47,10,PAID,0,0,0,10/11/2024 0:00
666,5,1,COMPLETED,0,0,0,2/10/2024 0:00
667,19,3,CREATED,0,0,0,11/14/2024 0:00
668,22,1,PACKING,0,0,0,5/29/2025 0:00
669,40,10,PACKING,0,0,0,8/11/2025 0:00
670,30,6,SHIPPING,0,0,0,10/28/2024 0:00
671,11,2,PACKING,0,0,0,5/24/2025 0:00
672,26,10,SHIPPING,0,0,0,11/2/2024 0:00
673,24,8,PAID,0,0,0,9/27/2024 0:00
674,31,3,CREATED,0,0,0,6/12/2024 0:00
675,27,4,CREATED,0,0,0,10/23/2024 0:00
676,14,4,PACKING,0,0,0,9/26/2024 0:00
677,12,3,CREATED,0,0,0,12/8/2024 0:00
678,43,1,COMPLETED,0,0,0,6/1/2024 0:00
679,11,1,PACKING,0,0,0,9/22/2024 0:00
680,25,10,CREATED,0,0,0,1/31/2025 0:00
681,25,6,PAID,0,0,0,3/28/2025 0:00
682,48,1,SHIPPING,0,0,0,5/21/2025 0:00
683,5,6,PAID,0,0,0,6/21/2024 0:00
684,44,6,CREATED,0,0,0,1/27/2025 0:00
685,28,4,CREATED,0,0,0,2/10/2024 0:00
686,14,6,PACKING,0,0,0,4/4/2024 0:00
687,7,7,PAID,0,0,0,8/19/2025 0:00
688,3,7,SHIPPING,0,0,0,7/29/2024 0:00
689,4,8,PACKING,0,0,0,11/20/2024 0:00
690,30,1,PACKING,0,0,0,2/22/2024 0:00
691,43,9,SHIPPING,0,0,0,6/19/2025 0:00
692,5,10,PACKING,0,0,0,11/8/2024 0:00
693,29,1,CREATED,0,0,0,2/11/2024 0:00
694,36,4,COMPLETED,0,0,0,3/1/2025 0:00
695,38,3,CREATED,0,0,0,4/21/2024 0:00
696,19,7,PAID,0,0,0,11/27/2024 0:00
697,39,6,CREATED,0,0,0,5/12/2024 0:00
698,14,7,PACKING,0,0,0,1/11/2024 0:00
699,47,6,COMPLETED,0,0,0,12/18/2024 0:00
700,15,10,PACKING,0,0,0,9/4/2024 0:00
701,42,5,CREATED,0,0,0,12/28/2024 0:00
702,7,9,COMPLETED,0,0,0,6/15/2025 0:00
703,28,6,CREATED,0,0,0,3/20/2025 0:00
704,17,10,CREATED,0,0,0,9/3/2024 0:00
705,21,5,PACKING,0,0,0,6/16/2025 0:00
706,24,3,PACKING,0,0,0,3/26/2024 0:00
707,36,1,SHIPPING,0,0,0,2/3/2024 0:00
708,8,8,CREATED,0,0,0,12/8/2024 0:00
709,7,3,PACKING,0,0,0,1/20/2024 0:00
710,22,1,SHIPPING,0,0,0,3/30/2025 0:00
711,1,10,COMPLETED,0,0,0,1/27/2024 0:00
712,27,8,CREATED,0,0,0,6/21/2024 0:00
713,10,5,CREATED,0,0,0,10/14/2024 0:00
714,42,9,CREATED,0,0,0,8/2/2024 0:00
715,29,8,COMPLETED,0,0,0,3/15/2025 0:00
716,4,9,SHIPPING,0,0,0,10/23/2024 0:00
717,22,6,COMPLETED,0,0,0,6/17/2024 0:00
718,48,10,PACKING,0,0,0,2/14/2024 0:00
719,34,10,PAID,0,0,0,2/9/2024 0:00
720,8,8,PACKING,0,0,0,5/24/2025 0:00
721,9,2,PAID,0,0,0,2/3/2025 0:00
722,40,6,SHIPPING,0,0,0,7/8/2025 0:00
723,34,2,PACKING,0,0,0,4/24/2024 0:00
724,40,9,PACKING,0,0,0,1/24/2025 0:00
725,36,4,COMPLETED,0,0,0,10/21/2024 0:00
726,8,6,PAID,0,0,0,3/22/2025 0:00
727,42,9,COMPLETED,0,0,0,2/21/2024 0:00
728,28,10,COMPLETED,0,0,0,8/22/2024 0:00
729,41,2,COMPLETED,0,0,0,12/7/2024 0:00
730,8,1,CREATED,0,0,0,3/5/2025 0:00
731,37,1,COMPLETED,0,0,0,8/12/2025 0:00
732,46,2,PAID,0,0,0,5/13/2025 0:00
733,31,6,PAID,0,0,0,7/27/2024 0:00
734,10,9,SHIPPING,0,0,0,8/16/2025 0:00
735,48,6,PACKING,0,0,0,6/7/2025 0:00
736,25,3,PACKING,0,0,0,4/1/2024 0:00
737,47,9,SHIPPING,0,0,0,12/10/2024 0:00
738,22,3,PAID,0,0,0,2/18/2025 0:00
739,1,6,SHIPPING,0,0,0,7/2/2024 0:00
740,20,5,COMPLETED,0,0,0,8/29/2024 0:00
741,20,4,COMPLETED,0,0,0,6/13/2025 0:00
742,22,3,PAID,0,0,0,5/11/2025 0:00
743,28,6,PAID,0,0,0,3/14/2024 0:00
744,34,8,PACKING,0,0,0,3/5/2025 0:00
745,41,2,SHIPPING,0,0,0,2/8/2025 0:00
746,47,2,PACKING,0,0,0,8/11/2024 0:00
747,43,10,CREATED,0,0,0,9/18/2024 0:00
748,22,3,CREATED,0,0,0,1/2/2024 0:00
749,31,1,PAID,0,0,0,10/15/2024 0:00
750,48,7,SHIPPING,0,0,0,2/3/2024 0:00
751,19,5,PAID,0,0,0,9/23/2024 0:00
752,4,3,PAID,0,0,0,3/28/2024 0:00
753,36,9,CREATED,0,0,0,7/3/2024 0:00
754,32,7,SHIPPING,0,0,0,9/15/2024 0:00
755,30,6,COMPLETED,0,0,0,4/4/2025 0:00
756,40,9,CREATED,0,0,0,3/21/2025 0:00
757,23,8,PACKING,0,0,0,11/8/2024 0:00
758,11,8,CREATED,0,0,0,4/12/2024 0:00
759,43,1,PACKING,0,0,0,10/31/2024 0:00
760,9,7,COMPLETED,0,0,0,2/25/2024 0:00
761,32,6,COMPLETED,0,0,0,5/3/2025 0:00
762,13,7,CREATED,0,0,0,6/28/2024 0:00
763,19,10,PAID,0,0,0,9/17/2024 0:00
764,8,8,COMPLETED,0,0,0,7/15/2025 0:00
765,24,1,COMPLETED,0,0,0,8/1/2024 0:00
766,9,2,PAID,0,0,0,5/9/2024 0:00
767,24,8,PAID,0,0,0,2/13/2024 0:00
768,47,7,COMPLETED,0,0,0,2/12/2025 0:00
769,35,1,CREATED,0,0,0,7/18/2025 0:00
770,31,10,PACKING,0,0,0,1/11/2024 0:00
771,4,4,CREATED,0,0,0,8/3/2025 0:00
772,49,10,COMPLETED,0,0,0,5/30/2025 0:00
773,43,8,SHIPPING,0,0,0,10/31/2024 0:00
774,5,9,CREATED,0,0,0,1/3/2024 0:00
775,49,10,PACKING,0,0,0,1/25/2025 0:00
776,16,6,PACKING,0,0,0,12/14/2024 0:00
777,25,4,PAID,0,0,0,4/9/2024 0:00
778,31,4,PACKING,0,0,0,9/19/2024 0:00
779,43,4,PAID,0,0,0,6/14/2024 0:00
780,27,3,SHIPPING,0,0,0,7/23/2024 0:00
781,35,7,SHIPPING,0,0,0,3/15/2024 0:00
782,46,4,COMPLETED,0,0,0,6/28/2024 0:00
783,48,7,PACKING,0,0,0,8/14/2025 0:00
784,24,2,COMPLETED,0,0,0,1/21/2025 0:00
785,41,6,SHIPPING,0,0,0,6/27/2025 0:00
786,36,8,COMPLETED,0,0,0,8/3/2025 0:00
787,17,3,COMPLETED,0,0,0,1/24/2024 0:00
788,24,9,PAID,0,0,0,8/13/2024 0:00
789,48,6,SHIPPING,0,0,0,2/19/2025 0:00
790,27,1,PAID,0,0,0,1/19/2024 0:00
791,15,7,PACKING,0,0,0,1/5/2024 0:00
792,24,3,COMPLETED,0,0,0,6/24/2025 0:00
793,25,5,COMPLETED,0,0,0,3/1/2025 0:00
794,50,9,PAID,0,0,0,6/28/2024 0:00
795,25,10,COMPLETED,0,0,0,2/24/2024 0:00
796,16,8,COMPLETED,0,0,0,2/9/2025 0:00
797,4,6,COMPLETED,0,0,0,2/28/2025 0:00
798,10,6,PACKING,0,0,0,7/14/2024 0:00
799,47,4,PACKING,0,0,0,6/11/2024 0:00
800,21,6,PACKING,0,0,0,8/15/2024 0:00
801,3,10,PACKING,0,0,0,4/3/2024 0:00
802,31,7,SHIPPING,0,0,0,4/7/2025 0:00
803,13,2,COMPLETED,0,0,0,7/6/2025 0:00
804,26,7,COMPLETED,0,0,0,7/11/2025 0:00
805,1,4,PACKING,0,0,0,12/8/2024 0:00
806,34,1,PAID,0,0,0,9/13/2024 0:00
807,35,6,CREATED,0,0,0,7/15/2024 0:00
808,14,1,PAID,0,0,0,6/3/2025 0:00
809,12,8,COMPLETED,0,0,0,9/18/2024 0:00
810,27,8,SHIPPING,0,0,0,2/1/2025 0:00
811,25,5,PACKING,0,0,0,9/10/2024 0:00
812,44,10,PAID,0,0,0,10/26/2024 0:00
813,42,8,PACKING,0,0,0,9/20/2024 0:00
814,48,9,PAID,0,0,0,5/30/2024 0:00
815,14,1,COMPLETED,0,0,0,9/29/2024 0:00
816,41,6,CREATED,0,0,0,1/5/2025 0:00
817,32,2,CREATED,0,0,0,8/15/2025 0:00
818,39,2,SHIPPING,0,0,0,10/9/2024 0:00
819,16,2,SHIPPING,0,0,0,5/27/2025 0:00
820,26,9,SHIPPING,0,0,0,8/12/2024 0:00
821,42,1,PAID,0,0,0,7/12/2024 0:00
822,32,8,PACKING,0,0,0,7/3/2025 0:00
823,47,2,CREATED,0,0,0,1/23/2024 0:00
824,34,9,SHIPPING,0,0,0,4/17/2024 0:00
825,39,2,CREATED,0,0,0,8/11/2024 0:00
826,29,4,SHIPPING,0,0,0,10/9/2024 0:00
827,44,4,COMPLETED,0,0,0,6/21/2024 0:00
828,21,1,PAID,0,0,0,11/25/2024 0:00
829,15,9,PAID,0,0,0,8/12/2024 0:00
830,10,1,CREATED,0,0,0,6/15/2024 0:00
831,43,7,SHIPPING,0,0,0,2/3/2024 0:00
832,4,6,SHIPPING,0,0,0,8/12/2024 0:00
833,18,3,PACKING,0,0,0,2/1/2025 0:00
834,16,10,SHIPPING,0,0,0,9/25/2024 0:00
835,4,4,PACKING,0,0,0,9/20/2024 0:00
836,48,4,PAID,0,0,0,8/5/2024 0:00
837,7,5,PAID,0,0,0,9/24/2024 0:00
838,43,6,PACKING,0,0,0,1/19/2025 0:00
839,6,8,PACKING,0,0,0,2/12/2024 0:00
840,21,3,COMPLETED,0,0,0,2/3/2024 0:00
841,14,5,PACKING,0,0,0,6/6/2024 0:00
842,25,2,CREATED,0,0,0,5/23/2025 0:00
843,47,5,CREATED,0,0,0,3/23/2025 0:00
844,16,6,COMPLETED,0,0,0,11/4/2024 0:00
845,37,3,CREATED,0,0,0,1/10/2025 0:00
846,17,1,COMPLETED,0,0,0,2/19/2025 0:00
847,10,3,COMPLETED,0,0,0,12/30/2024 0:00
848,20,10,COMPLETED,0,0,0,7/21/2024 0:00
849,25,9,SHIPPING,0,0,0,10/20/2024 0:00
850,19,2,COMPLETED,0,0,0,10/13/2024 0:00
851,15,10,COMPLETED,0,0,0,9/27/2024 0:00
852,7,6,PACKING,0,0,0,5/9/2025 0:00
853,28,10,COMPLETED,0,0,0,6/5/2024 0:00
854,24,7,SHIPPING,0,0,0,8/17/2025 0:00
855,6,7,COMPLETED,0,0,0,12/31/2024 0:00
856,5,3,PACKING,0,0,0,5/24/2024 0:00
857,24,3,PACKING,0,0,0,2/3/2025 0:00
858,47,7,COMPLETED,0,0,0,3/3/2024 0:00
859,40,1,COMPLETED,0,0,0,3/14/2024 0:00
860,3,3,CREATED,0,0,0,9/23/2024 0:00
861,14,8,COMPLETED,0,0,0,3/18/2024 0:00
862,43,8,COMPLETED,0,0,0,5/20/2025 0:00
863,27,5,SHIPPING,0,0,0,8/1/2024 0:00
864,25,8,PACKING,0,0,0,4/9/2025 0:00
865,18,6,CREATED,0,0,0,11/10/2024 0:00
866,24,3,COMPLETED,0,0,0,2/11/2024 0:00
867,2,5,PACKING,0,0,0,10/2/2024 0:00
868,46,5,CREATED,0,0,0,12/11/2024 0:00
869,22,4,PACKING,0,0,0,1/5/2024 0:00
870,48,10,SHIPPING,0,0,0,5/22/2025 0:00
871,18,3,COMPLETED,0,0,0,3/17/2025 0:00
872,34,10,COMPLETED,0,0,0,3/17/2025 0:00
873,44,10,PAID,0,0,0,3/9/2025 0:00
874,12,1,PACKING,0,0,0,1/10/2025 0:00
875,35,9,PAID,0,0,0,5/12/2025 0:00
876,3,8,COMPLETED,0,0,0,7/17/2024 0:00
877,33,6,CREATED,0,0,0,3/18/2025 0:00
878,27,6,COMPLETED,0,0,0,2/4/2025 0:00
879,20,9,COMPLETED,0,0,0,10/23/2024 0:00
880,27,4,PAID,0,0,0,4/8/2024 0:00
881,27,5,PAID,0,0,0,3/23/2024 0:00
882,8,4,SHIPPING,0,0,0,6/13/2024 0:00
883,36,7,PAID,0,0,0,12/11/2024 0:00
884,32,4,SHIPPING,0,0,0,1/9/2025 0:00
885,16,8,PACKING,0,0,0,8/5/2025 0:00
886,29,3,PACKING,0,0,0,3/15/2025 0:00
887,13,9,COMPLETED,0,0,0,1/26/2025 0:00
888,47,3,COMPLETED,0,0,0,5/6/2024 0:00
889,24,8,PAID,0,0,0,1/20/2025 0:00
890,7,10,CREATED,0,0,0,2/23/2024 0:00
891,6,5,COMPLETED,0,0,0,3/20/2025 0:00
892,29,9,CREATED,0,0,0,7/24/2024 0:00
893,35,8,PAID,0,0,0,4/25/2024 0:00
894,24,3,COMPLETED,0,0,0,8/22/2024 0:00
895,22,10,PACKING,0,0,0,5/4/2025 0:00
896,11,1,SHIPPING,0,0,0,1/27/2025 0:00
897,16,3,PAID,0,0,0,6/26/2024 0:00
898,15,10,COMPLETED,0,0,0,5/16/2024 0:00
899,24,8,CREATED,0,0,0,8/13/2024 0:00
900,2,10,PAID,0,0,0,4/8/2024 0:00
901,21,1,PACKING,0,0,0,12/21/2024 0:00
902,12,2,SHIPPING,0,0,0,11/26/2024 0:00
903,13,10,SHIPPING,0,0,0,6/1/2025 0:00
904,48,9,PAID,0,0,0,3/26/2025 0:00
905,27,7,PACKING,0,0,0,6/19/2024 0:00
906,19,7,PAID,0,0,0,1/22/2025 0:00
907,46,3,PACKING,0,0,0,5/10/2025 0:00
908,2,8,PACKING,0,0,0,7/30/2025 0:00
909,29,10,SHIPPING,0,0,0,7/7/2024 0:00
910,24,8,PACKING,0,0,0,2/8/2024 0:00
911,39,6,PAID,0,0,0,5/30/2025 0:00
912,21,3,SHIPPING,0,0,0,7/22/2024 0:00
913,34,8,SHIPPING,0,0,0,9/12/2024 0:00
914,47,1,PACKING,0,0,0,5/14/2024 0:00
915,31,10,SHIPPING,0,0,0,5/2/2024 0:00
916,1,10,CREATED,0,0,0,10/7/2024 0:00
917,15,1,SHIPPING,0,0,0,7/24/2025 0:00
918,34,8,PACKING,0,0,0,1/14/2024 0:00
919,45,4,SHIPPING,0,0,0,1/6/2024 0:00
920,17,7,PACKING,0,0,0,1/15/2025 0:00
921,1,2,PACKING,0,0,0,10/19/2024 0:00
922,46,8,SHIPPING,0,0,0,8/7/2024 0:00
923,46,2,PACKING,0,0,0,2/25/2024 0:00
924,31,9,CREATED,0,0,0,11/15/2024 0:00
925,19,1,PACKING,0,0,0,5/31/2024 0:00
926,37,10,COMPLETED,0,0,0,5/10/2024 0:00
927,11,3,CREATED,0,0,0,3/9/2024 0:00
928,46,5,PAID,0,0,0,6/9/2024 0:00
929,25,6,SHIPPING,0,0,0,3/4/2025 0:00
930,15,6,PAID,0,0,0,10/1/2024 0:00
931,40,6,PAID,0,0,0,5/13/2024 0:00
932,36,1,CREATED,0,0,0,3/15/2024 0:00
933,34,4,COMPLETED,0,0,0,7/16/2024 0:00
934,43,2,SHIPPING,0,0,0,6/13/2024 0:00
935,1,2,PAID,0,0,0,3/2/2025 0:00
936,6,9,SHIPPING,0,0,0,8/9/2024 0:00
937,27,9,PACKING,0,0,0,2/6/2025 0:00
938,13,9,COMPLETED,0,0,0,7/8/2025 0:00
939,50,6,SHIPPING,0,0,0,5/16/2025 0:00
940,43,7,COMPLETED,0,0,0,6/26/2024 0:00
941,21,6,CREATED,0,0,0,3/6/2024 0:00
942,47,9,PAID,0,0,0,5/25/2025 0:00
943,25,2,CREATED,0,0,0,9/5/2024 0:00
944,5,9,SHIPPING,0,0,0,7/27/2024 0:00
945,19,7,SHIPPING,0,0,0,3/15/2024 0:00
946,29,4,PACKING,0,0,0,6/4/2024 0:00
947,50,8,COMPLETED,0,0,0,9/7/2024 0:00
948,20,10,PAID,0,0,0,7/12/2024 0:00
949,16,3,COMPLETED,0,0,0,5/30/2024 0:00
950,18,6,PACKING,0,0,0,7/15/2025 0:00
951,8,2,CREATED,0,0,0,9/22/2024 0:00
952,40,9,PACKING,0,0,0,3/7/2024 0:00
953,1,7,PACKING,0,0,0,8/10/2025 0:00
954,3,9,CREATED,0,0,0,1/16/2025 0:00
955,27,10,CREATED,0,0,0,3/21/2024 0:00
956,5,7,COMPLETED,0,0,0,12/30/2024 0:00
957,17,7,SHIPPING,0,0,0,6/24/2025 0:00
958,14,4,SHIPPING,0,0,0,10/12/2024 0:00
959,5,9,COMPLETED,0,0,0,7/2/2024 0:00
960,31,3,PAID,0,0,0,8/3/2025 0:00
961,21,3,PAID,0,0,0,4/25/2025 0:00
962,37,9,COMPLETED,0,0,0,3/19/2025 0:00
963,35,7,PACKING,0,0,0,7/24/2025 0:00
964,37,3,PAID,0,0,0,8/12/2025 0:00
965,32,9,COMPLETED,0,0,0,7/27/2025 0:00
966,45,8,SHIPPING,0,0,0,8/14/2024 0:00
967,36,5,SHIPPING,0,0,0,5/9/2024 0:00
968,33,9,SHIPPING,0,0,0,7/21/2025 0:00
969,6,4,PACKING,0,0,0,4/30/2024 0:00
970,34,6,SHIPPING,0,0,0,3/21/2025 0:00
971,1,1,PACKING,0,0,0,3/14/2025 0:00
972,10,5,CREATED,0,0,0,1/11/2025 0:00
973,32,3,CREATED,0,0,0,8/17/2024 0:00
974,36,4,CREATED,0,0,0,3/30/2025 0:00
975,25,7,SHIPPING,0,0,0,7/29/2025 0:00
976,39,7,COMPLETED,0,0,0,2/5/2025 0:00
977,12,3,COMPLETED,0,0,0,12/6/2024 0:00
978,45,8,CREATED,0,0,0,8/3/2025 0:00
979,44,6,CREATED,0,0,0,7/6/2024 0:00
980,8,5,COMPLETED,0,0,0,2/23/2024 0:00
981,49,2,SHIPPING,0,0,0,2/19/2024 0:00
982,33,3,PACKING,0,0,0,1/11/2025 0:00
983,30,6,PACKING,0,0,0,4/19/2025 0:00
984,41,4,PAID,0,0,0,6/14/2024 0:00
985,25,9,PACKING,0,0,0,4/22/2025 0:00
986,44,10,PACKING,0,0,0,8/9/2025 0:00
987,11,9,PACKING,0,0,0,1/17/2025 0:00
988,31,2,COMPLETED,0,0,0,12/26/2024 0:00
989,50,6,COMPLETED,0,0,0,6/8/2024 0:00
990,19,7,PAID,0,0,0,4/13/2025 0:00
991,11,3,PACKING,0,0,0,7/24/2024 0:00
992,40,3,SHIPPING,0,0,0,7/13/2025 0:00
993,7,1,SHIPPING,0,0,0,5/3/2025 0:00
994,8,9,COMPLETED,0,0,0,7/2/2025 0:00
995,16,1,PACKING,0,0,0,10/15/2024 0:00
996,13,3,CREATED,0,0,0,8/1/2024 0:00
997,1,4,PAID,0,0,0,5/10/2024 0:00
998,4,5,COMPLETED,0,0,0,8/13/2024 0:00
999,16,3,SHIPPING,0,0,0,10/16/2024 0:00
1000,4,9,PACKING,0,0,0,4/18/2024 0:00
1001,18,3,COMPLETED,0,0,0,3/31/2024 0:00
1002,3,4,PACKING,0,0,0,8/20/2024 0:00
1003,16,10,CREATED,0,0,0,3/10/2025 0:00
1004,1,4,SHIPPING,0,0,0,6/8/2025 0:00
1005,20,5,CREATED,0,0,0,8/7/2024 0:00
1006,45,10,COMPLETED,0,0,0,11/3/2024 0:00
1007,24,9,COMPLETED,0,0,0,5/19/2025 0:00
1008,22,7,COMPLETED,0,0,0,3/4/2024 0:00
1009,1,2,SHIPPING,0,0,0,1/19/2025 0:00
1010,31,10,SHIPPING,0,0,0,7/27/2024 0:00
1011,21,9,COMPLETED,0,0,0,2/24/2024 0:00
1012,2,7,COMPLETED,0,0,0,11/12/2024 0:00
1013,46,7,CREATED,0,0,0,11/2/2024 0:00
1014,21,9,CREATED,0,0,0,8/3/2024 0:00
1015,43,6,COMPLETED,0,0,0,3/14/2025 0:00
1016,13,5,PACKING,0,0,0,1/13/2024 0:00
1017,23,8,PACKING,0,0,0,4/12/2025 0:00
1018,15,3,SHIPPING,0,0,0,11/29/2024 0:00
1019,25,4,COMPLETED,0,0,0,3/5/2025 0:00
1020,47,3,SHIPPING,0,0,0,9/6/2024 0:00
1021,45,4,CREATED,0,0,0,4/17/2024 0:00
1022,44,8,PAID,0,0,0,6/21/2024 0:00
1023,41,3,COMPLETED,0,0,0,6/1/2025 0:00
1024,33,8,PAID,0,0,0,2/22/2024 0:00
1025,17,2,PAID,0,0,0,1/26/2025 0:00
1026,7,7,COMPLETED,0,0,0,6/15/2024 0:00
1027,25,4,CREATED,0,0,0,1/18/2024 0:00
1028,14,7,CREATED,0,0,0,6/10/2025 0:00
1029,26,4,COMPLETED,0,0,0,5/22/2025 0:00
1030,36,9,SHIPPING,0,0,0,5/11/2025 0:00
1031,32,5,COMPLETED,0,0,0,1/12/2025 0:00
1032,40,5,SHIPPING,0,0,0,7/16/2025 0:00
1033,15,1,SHIPPING,0,0,0,3/12/2025 0:00
1034,50,2,COMPLETED,0,0,0,1/30/2024 0:00
1035,30,4,SHIPPING,0,0,0,3/22/2025 0:00
1036,49,1,PAID,0,0,0,2/2/2025 0:00
1037,47,10,COMPLETED,0,0,0,8/31/2024 0:00
1038,14,6,COMPLETED,0,0,0,6/14/2025 0:00
1039,20,4,COMPLETED,0,0,0,1/9/2024 0:00
1040,16,3,PACKING,0,0,0,7/27/2025 0:00
1041,34,3,PAID,0,0,0,2/14/2024 0:00
1042,42,3,PAID,0,0,0,7/23/2024 0:00
1043,36,1,PAID,0,0,0,11/19/2024 0:00
1044,26,2,SHIPPING,0,0,0,2/6/2024 0:00
1045,35,3,COMPLETED,0,0,0,5/18/2024 0:00
1046,23,2,SHIPPING,0,0,0,3/25/2025 0:00
1047,34,1,PAID,0,0,0,7/1/2024 0:00
1048,36,1,CREATED,0,0,0,4/7/2025 0:00
1049,15,4,SHIPPING,0,0,0,5/29/2024 0:00
1050,8,9,COMPLETED,0,0,0,5/27/2024 0:00
1051,33,5,PACKING,0,0,0,9/14/2024 0:00
1052,4,1,CREATED,0,0,0,5/31/2025 0:00
1053,4,5,COMPLETED,0,0,0,1/26/2025 0:00
1054,32,3,CREATED,0,0,0,4/5/2024 0:00
1055,33,5,SHIPPING,0,0,0,6/8/2025 0:00
1056,47,6,SHIPPING,0,0,0,5/6/2024 0:00
1057,26,9,COMPLETED,0,0,0,3/13/2024 0:00
1058,22,9,COMPLETED,0,0,0,1/27/2025 0:00
1059,29,10,SHIPPING,0,0,0,5/10/2025 0:00
1060,36,7,CREATED,0,0,0,1/10/2025 0:00
1061,37,2,PACKING,0,0,0,8/3/2024 0:00
1062,21,2,SHIPPING,0,0,0,2/8/2024 0:00
1063,1,6,CREATED,0,0,0,6/26/2025 0:00
1064,41,10,PACKING,0,0,0,2/23/2025 0:00
1065,15,10,COMPLETED,0,0,0,8/13/2024 0:00
1066,15,1,PAID,0,0,0,5/7/2025 0:00
1067,41,9,SHIPPING,0,0,0,7/21/2024 0:00
1068,48,4,PAID,0,0,0,6/21/2024 0:00
1069,28,7,PACKING,0,0,0,8/30/2024 0:00
1070,8,4,PAID,0,0,0,7/20/2024 0:00
1071,43,2,COMPLETED,0,0,0,6/26/2025 0:00
1072,15,2,CREATED,0,0,0,12/12/2024 0:00
1073,30,1,CREATED,0,0,0,11/1/2024 0:00
1074,19,5,PACKING,0,0,0,5/3/2025 0:00
1075,15,7,CREATED,0,0,0,8/11/2025 0:00
1076,11,6,PACKING,0,0,0,6/2/2025 0:00
1077,36,1,COMPLETED,0,0,0,8/28/2024 0:00
1078,50,3,PAID,0,0,0,8/6/2024 0:00
1079,30,3,SHIPPING,0,0,0,10/15/2024 0:00
1080,16,9,CREATED,0,0,0,5/6/2024 0:00
1081,26,10,CREATED,0,0,0,8/6/2025 0:00
1082,5,7,PACKING,0,0,0,1/11/2024 0:00
1083,6,2,CREATED,0,0,0,2/7/2024 0:00
1084,42,7,CREATED,0,0,0,11/18/2024 0:00
1085,37,6,SHIPPING,0,0,0,4/1/2024 0:00
1086,41,1,PAID,0,0,0,6/24/2025 0:00
1087,23,8,PACKING,0,0,0,7/1/2024 0:00
1088,30,6,PAID,0,0,0,4/12/2025 0:00
1089,17,6,SHIPPING,0,0,0,7/7/2025 0:00
1090,9,4,CREATED,0,0,0,3/23/2024 0:00
1091,30,7,COMPLETED,0,0,0,2/23/2025 0:00
1092,39,6,PAID,0,0,0,5/23/2024 0:00
1093,39,7,SHIPPING,0,0,0,7/11/2025 0:00
1094,15,1,PAID,0,0,0,2/14/2024 0:00
1095,43,10,PAID,0,0,0,5/23/2024 0:00
1096,37,3,PAID,0,0,0,11/23/2024 0:00
1097,1,4,CREATED,0,0,0,1/2/2025 0:00
1098,5,7,PACKING,0,0,0,4/7/2025 0:00
1099,45,10,PAID,0,0,0,7/14/2024 0:00
1100,38,9,PACKING,0,0,0,2/13/2025 0:00
1101,21,8,PAID,0,0,0,4/19/2025 0:00
1102,10,3,SHIPPING,0,0,0,3/28/2024 0:00
1103,17,3,CREATED,0,0,0,2/7/2025 0:00
1104,36,5,PACKING,0,0,0,1/9/2025 0:00
1105,39,5,PAID,0,0,0,1/11/2024 0:00
1106,9,4,PACKING,0,0,0,10/18/2024 0:00
1107,16,8,COMPLETED,0,0,0,8/4/2024 0:00
1108,40,3,SHIPPING,0,0,0,8/21/2025 0:00
1109,3,4,SHIPPING,0,0,0,12/30/2024 0:00
1110,50,9,CREATED,0,0,0,1/18/2025 0:00
1111,36,3,COMPLETED,0,0,0,1/8/2024 0:00
1112,34,3,CREATED,0,0,0,4/7/2024 0:00
1113,16,10,CREATED,0,0,0,4/1/2025 0:00
1114,16,3,SHIPPING,0,0,0,2/19/2025 0:00
1115,16,7,COMPLETED,0,0,0,11/10/2024 0:00
1116,31,4,PAID,0,0,0,6/26/2024 0:00
1117,3,5,PACKING,0,0,0,11/2/2024 0:00
1118,35,6,CREATED,0,0,0,8/12/2024 0:00
1119,20,6,PACKING,0,0,0,12/3/2024 0:00
1120,30,9,PAID,0,0,0,12/6/2024 0:00
1121,19,6,COMPLETED,0,0,0,8/4/2024 0:00
1122,39,9,CREATED,0,0,0,2/11/2024 0:00
1123,11,2,COMPLETED,0,0,0,2/22/2024 0:00
1124,19,6,COMPLETED,0,0,0,1/20/2024 0:00
1125,26,10,PACKING,0,0,0,7/5/2024 0:00
1126,18,6,CREATED,0,0,0,4/18/2025 0:00
1127,50,6,SHIPPING,0,0,0,11/28/2024 0:00
1128,38,5,COMPLETED,0,0,0,2/7/2024 0:00
1129,21,7,PACKING,0,0,0,9/29/2024 0:00
1130,41,7,PACKING,0,0,0,6/22/2025 0:00
1131,47,4,SHIPPING,0,0,0,10/5/2024 0:00
1132,24,2,PACKING,0,0,0,3/8/2024 0:00
1133,19,2,PAID,0,0,0,9/12/2024 0:00
1134,16,4,PACKING,0,0,0,1/13/2024 0:00
1135,33,7,PACKING,0,0,0,5/13/2024 0:00
1136,38,1,SHIPPING,0,0,0,2/27/2025 0:00
1137,31,3,SHIPPING,0,0,0,12/21/2024 0:00
1138,41,2,PACKING,0,0,0,10/3/2024 0:00
1139,10,6,PAID,0,0,0,5/25/2025 0:00
1140,5,7,CREATED,0,0,0,2/9/2024 0:00
1141,17,5,PACKING,0,0,0,1/30/2025 0:00
1142,16,7,CREATED,0,0,0,4/23/2024 0:00
1143,1,7,PAID,0,0,0,11/8/2024 0:00
1144,28,2,PAID,0,0,0,3/5/2025 0:00
1145,21,9,CREATED,0,0,0,9/11/2024 0:00
1146,42,5,CREATED,0,0,0,8/22/2024 0:00
1147,24,10,PACKING,0,0,0,6/14/2025 0:00
1148,7,10,COMPLETED,0,0,0,8/20/2025 0:00
1149,25,9,PACKING,0,0,0,3/22/2025 0:00
1150,1,6,COMPLETED,0,0,0,8/3/2025 0:00
1151,49,1,COMPLETED,0,0,0,9/27/2024 0:00
1152,17,6,SHIPPING,0,0,0,1/11/2024 0:00
1153,29,5,COMPLETED,0,0,0,1/6/2024 0:00
1154,25,8,PACKING,0,0,0,6/4/2024 0:00
1155,2,5,SHIPPING,0,0,0,5/1/2025 0:00
1156,10,4,COMPLETED,0,0,0,6/1/2024 0:00
1157,22,2,CREATED,0,0,0,12/24/2024 0:00
1158,1,3,CREATED,0,0,0,3/20/2024 0:00
1159,13,8,PAID,0,0,0,9/10/2024 0:00
1160,33,1,PACKING,0,0,0,7/24/2025 0:00
1161,41,4,SHIPPING,0,0,0,7/17/2025 0:00
1162,18,6,COMPLETED,0,0,0,6/7/2024 0:00
1163,20,10,PACKING,0,0,0,5/15/2024 0:00
1164,31,6,SHIPPING,0,0,0,2/14/2025 0:00
1165,24,4,SHIPPING,0,0,0,5/22/2024 0:00
1166,34,4,CREATED,0,0,0,12/4/2024 0:00
1167,19,3,SHIPPING,0,0,0,7/17/2024 0:00
1168,47,10,COMPLETED,0,0,0,5/12/2024 0:00
1169,23,3,SHIPPING,0,0,0,5/20/2024 0:00
1170,4,6,CREATED,0,0,0,4/29/2024 0:00
1171,35,10,SHIPPING,0,0,0,5/10/2024 0:00
1172,50,10,CREATED,0,0,0,2/4/2024 0:00
1173,25,5,PACKING,0,0,0,10/11/2024 0:00
1174,7,9,COMPLETED,0,0,0,10/6/2024 0:00
1175,38,8,CREATED,0,0,0,12/26/2024 0:00
1176,34,6,SHIPPING,0,0,0,1/8/2024 0:00
1177,13,5,COMPLETED,0,0,0,5/28/2024 0:00
1178,38,10,CREATED,0,0,0,1/9/2024 0:00
1179,16,7,COMPLETED,0,0,0,3/6/2024 0:00
1180,2,6,COMPLETED,0,0,0,4/12/2025 0:00
1181,7,7,CREATED,0,0,0,3/19/2025 0:00
1182,16,5,PAID,0,0,0,2/11/2025 0:00
1183,29,3,PACKING,0,0,0,11/12/2024 0:00
1184,4,4,COMPLETED,0,0,0,5/16/2024 0:00
1185,33,9,PAID,0,0,0,2/5/2025 0:00
1186,22,9,PACKING,0,0,0,3/12/2025 0:00
1187,45,4,PACKING,0,0,0,1/3/2025 0:00
1188,30,6,PACKING,0,0,0,4/3/2025 0:00
1189,47,7,PAID,0,0,0,12/24/2024 0:00
1190,4,10,SHIPPING,0,0,0,10/26/2024 0:00
1191,3,1,CREATED,0,0,0,5/1/2025 0:00
1192,29,6,PACKING,0,0,0,7/9/2024 0:00
1193,21,1,CREATED,0,0,0,10/2/2024 0:00
1194,44,7,CREATED,0,0,0,1/9/2024 0:00
1195,31,10,CREATED,0,0,0,11/14/2024 0:00
1196,30,6,CREATED,0,0,0,8/23/2024 0:00
1197,21,3,PAID,0,0,0,2/24/2024 0:00
1198,32,10,SHIPPING,0,0,0,5/26/2025 0:00
1199,26,2,COMPLETED,0,0,0,3/2/2024 0:00
1200,42,4,PAID,0,0,0,1/8/2024 0:00
1201,47,5,SHIPPING,0,0,0,3/22/2024 0:00
1202,18,2,CREATED,0,0,0,4/19/2025 0:00
1203,23,6,SHIPPING,0,0,0,1/3/2024 0:00
1204,14,9,CREATED,0,0,0,9/8/2024 0:00
1205,31,5,SHIPPING,0,0,0,5/15/2024 0:00
1206,24,10,SHIPPING,0,0,0,2/5/2025 0:00
1207,37,2,SHIPPING,0,0,0,2/1/2025 0:00
1208,22,9,SHIPPING,0,0,0,8/15/2024 0:00
1209,8,7,COMPLETED,0,0,0,10/10/2024 0:00
1210,4,1,CREATED,0,0,0,7/6/2024 0:00
1211,24,2,PAID,0,0,0,8/11/2024 0:00
1212,13,10,CREATED,0,0,0,6/14/2024 0:00
1213,50,6,COMPLETED,0,0,0,4/2/2024 0:00
1214,14,10,SHIPPING,0,0,0,12/4/2024 0:00
1215,8,8,SHIPPING,0,0,0,12/21/2024 0:00
1216,42,6,CREATED,0,0,0,3/29/2024 0:00
1217,31,7,PAID,0,0,0,5/4/2024 0:00
1218,27,9,CREATED,0,0,0,7/23/2025 0:00
1219,9,10,CREATED,0,0,0,8/24/2024 0:00
1220,40,2,PACKING,0,0,0,7/28/2024 0:00
1221,33,4,PACKING,0,0,0,12/2/2024 0:00
1222,21,8,COMPLETED,0,0,0,7/27/2025 0:00
1223,18,4,COMPLETED,0,0,0,7/3/2025 0:00
1224,10,9,CREATED,0,0,0,4/3/2025 0:00
1225,40,5,PACKING,0,0,0,3/25/2024 0:00
1226,26,6,CREATED,0,0,0,3/17/2025 0:00
1227,2,9,COMPLETED,0,0,0,8/8/2025 0:00
1228,32,10,PACKING,0,0,0,12/30/2024 0:00
1229,36,5,SHIPPING,0,0,0,6/18/2024 0:00
1230,44,5,COMPLETED,0,0,0,7/4/2024 0:00
1231,28,3,COMPLETED,0,0,0,4/14/2024 0:00
1232,40,1,CREATED,0,0,0,12/28/2024 0:00
1233,19,7,SHIPPING,0,0,0,7/8/2024 0:00
1234,23,10,COMPLETED,0,0,0,5/20/2025 0:00
1235,2,5,SHIPPING,0,0,0,3/22/2024 0:00
1236,35,9,COMPLETED,0,0,0,4/12/2025 0:00
1237,3,3,PAID,0,0,0,3/17/2025 0:00
1238,18,1,CREATED,0,0,0,8/11/2024 0:00
1239,22,8,CREATED,0,0,0,3/5/2024 0:00
1240,12,7,PACKING,0,0,0,3/10/2024 0:00
1241,30,5,SHIPPING,0,0,0,9/14/2024 0:00
1242,19,3,SHIPPING,0,0,0,12/2/2024 0:00
1243,12,7,PACKING,0,0,0,2/5/2025 0:00
1244,44,3,CREATED,0,0,0,1/12/2025 0:00
1245,20,10,SHIPPING,0,0,0,8/18/2025 0:00
1246,4,2,CREATED,0,0,0,11/30/2024 0:00
1247,20,2,SHIPPING,0,0,0,3/16/2025 0:00
1248,1,1,COMPLETED,0,0,0,6/13/2025 0:00
1249,30,8,COMPLETED,0,0,0,3/13/2024 0:00
1250,22,6,SHIPPING,0,0,0,7/13/2024 0:00
1251,28,6,COMPLETED,0,0,0,2/25/2025 0:00
1252,50,6,COMPLETED,0,0,0,12/21/2024 0:00
1253,33,4,CREATED,0,0,0,6/23/2025 0:00
1254,23,2,CREATED,0,0,0,5/24/2025 0:00
1255,21,8,COMPLETED,0,0,0,12/20/2024 0:00
1256,36,5,PACKING,0,0,0,5/2/2024 0:00
1257,18,5,PACKING,0,0,0,4/3/2025 0:00
1258,6,8,PAID,0,0,0,12/3/2024 0:00
1259,12,10,CREATED,0,0,0,1/9/2024 0:00
1260,6,10,PACKING,0,0,0,8/18/2024 0:00
1261,10,5,CREATED,0,0,0,11/7/2024 0:00
1262,47,3,SHIPPING,0,0,0,2/24/2025 0:00
1263,11,8,SHIPPING,0,0,0,5/23/2024 0:00
1264,30,6,PAID,0,0,0,7/15/2024 0:00
1265,33,7,COMPLETED,0,0,0,10/11/2024 0:00
1266,39,5,COMPLETED,0,0,0,6/5/2025 0:00
1267,43,6,PACKING,0,0,0,2/17/2024 0:00
1268,24,4,PACKING,0,0,0,6/15/2024 0:00
1269,41,8,COMPLETED,0,0,0,8/16/2025 0:00
1270,32,7,COMPLETED,0,0,0,11/13/2024 0:00
1271,19,4,PAID,0,0,0,2/28/2024 0:00
1272,41,6,CREATED,0,0,0,4/23/2024 0:00
1273,6,9,PAID,0,0,0,9/29/2024 0:00
1274,49,1,PAID,0,0,0,4/24/2024 0:00
1275,29,6,COMPLETED,0,0,0,7/3/2024 0:00
1276,16,4,PACKING,0,0,0,7/25/2025 0:00
1277,41,5,COMPLETED,0,0,0,4/8/2025 0:00
1278,43,6,CREATED,0,0,0,8/6/2025 0:00
1279,19,1,CREATED,0,0,0,9/10/2024 0:00
1280,11,4,CREATED,0,0,0,4/24/2025 0:00
1281,41,9,PACKING,0,0,0,3/17/2025 0:00
1282,26,4,SHIPPING,0,0,0,2/25/2024 0:00
1283,5,7,PAID,0,0,0,5/24/2024 0:00
1284,50,9,PAID,0,0,0,5/19/2025 0:00
1285,19,8,SHIPPING,0,0,0,1/3/2025 0:00
1286,50,5,SHIPPING,0,0,0,5/30/2025 0:00
1287,23,3,CREATED,0,0,0,10/25/2024 0:00
1288,47,8,CREATED,0,0,0,1/19/2025 0:00
1289,14,1,PAID,0,0,0,4/1/2024 0:00
1290,22,8,CREATED,0,0,0,8/2/2025 0:00
1291,17,1,PACKING,0,0,0,3/23/2025 0:00
1292,18,3,PAID,0,0,0,5/12/2024 0:00
1293,31,6,CREATED,0,0,0,6/5/2025 0:00
1294,49,6,PAID,0,0,0,8/26/2024 0:00
1295,50,9,SHIPPING,0,0,0,3/14/2025 0:00
1296,15,2,COMPLETED,0,0,0,5/13/2025 0:00
1297,31,3,COMPLETED,0,0,0,3/5/2024 0:00
1298,11,10,SHIPPING,0,0,0,1/5/2025 0:00
1299,22,4,PAID,0,0,0,6/28/2025 0:00
1300,5,4,PAID,0,0,0,6/17/2025 0:00
1301,8,9,COMPLETED,0,0,0,7/8/2024 0:00
1302,21,5,SHIPPING,0,0,0,3/4/2024 0:00
1303,35,5,CREATED,0,0,0,7/27/2024 0:00
1304,42,6,SHIPPING,0,0,0,7/13/2024 0:00
1305,36,4,COMPLETED,0,0,0,1/20/2024 0:00
1306,14,1,COMPLETED,0,0,0,12/21/2024 0:00
1307,12,3,SHIPPING,0,0,0,8/31/2024 0:00
1308,46,10,COMPLETED,0,0,0,9/1/2024 0:00
1309,3,7,PAID,0,0,0,6/23/2025 0:00
1310,22,8,PACKING,0,0,0,6/23/2025 0:00
1311,18,7,PACKING,0,0,0,2/24/2025 0:00
1312,31,5,COMPLETED,0,0,0,7/25/2025 0:00
1313,35,9,CREATED,0,0,0,2/28/2025 0:00
1314,28,1,PACKING,0,0,0,6/18/2024 0:00
1315,22,8,SHIPPING,0,0,0,8/28/2024 0:00
1316,36,3,SHIPPING,0,0,0,1/1/2024 0:00
1317,29,6,PACKING,0,0,0,8/12/2024 0:00
1318,35,6,CREATED,0,0,0,6/6/2025 0:00
1319,28,3,CREATED,0,0,0,6/29/2025 0:00
1320,11,9,COMPLETED,0,0,0,2/28/2024 0:00
1321,9,5,PACKING,0,0,0,6/8/2024 0:00
1322,12,4,COMPLETED,0,0,0,7/15/2025 0:00
1323,18,4,PACKING,0,0,0,4/2/2024 0:00
1324,28,8,COMPLETED,0,0,0,1/26/2024 0:00
1325,26,2,PACKING,0,0,0,5/25/2024 0:00
1326,23,3,COMPLETED,0,0,0,7/11/2025 0:00
1327,37,8,PAID,0,0,0,9/29/2024 0:00
1328,15,8,CREATED,0,0,0,8/23/2024 0:00
1329,4,8,COMPLETED,0,0,0,1/4/2025 0:00
1330,29,1,PAID,0,0,0,12/6/2024 0:00
1331,21,10,CREATED,0,0,0,5/21/2024 0:00
1332,9,1,COMPLETED,0,0,0,4/6/2024 0:00
1333,44,2,CREATED,0,0,0,9/18/2024 0:00
1334,36,6,PACKING,0,0,0,2/26/2025 0:00
1335,9,4,PACKING,0,0,0,12/30/2024 0:00
1336,18,6,PAID,0,0,0,2/13/2024 0:00
1337,47,1,CREATED,0,0,0,7/15/2025 0:00
1338,33,3,PAID,0,0,0,3/4/2024 0:00
1339,35,8,CREATED,0,0,0,4/14/2025 0:00
1340,20,2,PAID,0,0,0,2/8/2024 0:00
1341,28,8,CREATED,0,0,0,11/18/2024 0:00
1342,32,5,COMPLETED,0,0,0,11/14/2024 0:00
1343,17,2,COMPLETED,0,0,0,11/3/2024 0:00
1344,28,10,COMPLETED,0,0,0,2/3/2025 0:00
1345,43,6,SHIPPING,0,0,0,11/10/2024 0:00
1346,47,6,COMPLETED,0,0,0,1/29/2025 0:00
1347,16,5,CREATED,0,0,0,5/9/2025 0:00
1348,27,5,PACKING,0,0,0,10/28/2024 0:00
1349,38,6,SHIPPING,0,0,0,5/2/2024 0:00
1350,25,4,CREATED,0,0,0,8/22/2025 0:00
1351,41,2,CREATED,0,0,0,1/12/2024 0:00
1352,39,5,PAID,0,0,0,4/18/2024 0:00
1353,20,8,SHIPPING,0,0,0,3/10/2025 0:00
1354,45,2,COMPLETED,0,0,0,3/16/2024 0:00
1355,21,1,SHIPPING,0,0,0,8/1/2024 0:00
1356,22,6,CREATED,0,0,0,5/6/2024 0:00
1357,2,10,SHIPPING,0,0,0,1/10/2024 0:00
1358,5,10,CREATED,0,0,0,9/8/2024 0:00
1359,29,9,PAID,0,0,0,4/25/2025 0:00
1360,19,1,SHIPPING,0,0,0,3/13/2024 0:00
1361,5,10,SHIPPING,0,0,0,8/5/2024 0:00
1362,17,5,PAID,0,0,0,12/15/2024 0:00
1363,15,9,PACKING,0,0,0,8/7/2024 0:00
1364,45,4,PAID,0,0,0,10/30/2024 0:00
1365,36,7,PAID,0,0,0,10/19/2024 0:00
1366,40,2,SHIPPING,0,0,0,4/21/2025 0:00
1367,47,2,CREATED,0,0,0,4/21/2025 0:00
1368,33,9,PAID,0,0,0,7/25/2025 0:00
1369,4,7,CREATED,0,0,0,8/9/2025 0:00
1370,12,4,PAID,0,0,0,6/5/2025 0:00
1371,9,6,SHIPPING,0,0,0,8/3/2024 0:00
1372,35,6,PAID,0,0,0,4/18/2025 0:00
1373,34,1,COMPLETED,0,0,0,1/20/2025 0:00
1374,47,4,PAID,0,0,0,3/26/2024 0:00
1375,29,7,PAID,0,0,0,2/1/2024 0:00
1376,26,9,SHIPPING,0,0,0,3/16/2024 0:00
1377,4,6,COMPLETED,0,0,0,11/4/2024 0:00
1378,2,7,PACKING,0,0,0,4/5/2025 0:00
1379,35,5,SHIPPING,0,0,0,7/28/2024 0:00
1380,9,4,SHIPPING,0,0,0,10/29/2024 0:00
1381,48,7,SHIPPING,0,0,0,2/28/2025 0:00
1382,26,8,SHIPPING,0,0,0,7/8/2024 0:00
1383,28,2,CREATED,0,0,0,2/8/2025 0:00
1384,30,2,COMPLETED,0,0,0,1/19/2025 0:00
1385,26,10,COMPLETED,0,0,0,4/19/2025 0:00
1386,14,10,SHIPPING,0,0,0,8/14/2024 0:00
1387,11,3,SHIPPING,0,0,0,9/9/2024 0:00
1388,17,5,SHIPPING,0,0,0,5/20/2025 0:00
1389,16,10,PACKING,0,0,0,1/15/2024 0:00
1390,11,1,COMPLETED,0,0,0,10/26/2024 0:00
1391,13,6,PAID,0,0,0,10/1/2024 0:00
1392,34,10,CREATED,0,0,0,4/30/2025 0:00
1393,1,2,SHIPPING,0,0,0,5/20/2025 0:00
1394,31,8,COMPLETED,0,0,0,12/26/2024 0:00
1395,4,8,SHIPPING,0,0,0,4/22/2024 0:00
1396,18,4,PAID,0,0,0,5/2/2024 0:00
1397,1,8,PAID,0,0,0,8/7/2024 0:00
1398,39,3,COMPLETED,0,0,0,4/2/2025 0:00
1399,4,6,PACKING,0,0,0,2/1/2025 0:00
1400,31,4,PACKING,0,0,0,8/8/2024 0:00
1401,22,10,COMPLETED,0,0,0,3/7/2025 0:00
1402,27,3,PAID,0,0,0,3/4/2024 0:00
1403,32,9,PAID,0,0,0,6/29/2024 0:00
1404,11,10,PACKING,0,0,0,1/30/2025 0:00
1405,6,6,PAID,0,0,0,3/11/2025 0:00
1406,34,6,COMPLETED,0,0,0,1/17/2025 0:00
1407,37,8,PACKING,0,0,0,6/22/2025 0:00
1408,10,3,CREATED,0,0,0,5/25/2024 0:00
1409,47,2,PAID,0,0,0,3/10/2024 0:00
1410,1,6,CREATED,0,0,0,6/8/2025 0:00
1411,40,6,PACKING,0,0,0,6/12/2024 0:00
1412,44,10,CREATED,0,0,0,2/16/2024 0:00
1413,46,6,PACKING,0,0,0,8/19/2025 0:00
1414,6,9,COMPLETED,0,0,0,8/5/2024 0:00
1415,11,7,COMPLETED,0,0,0,5/29/2025 0:00
1416,4,3,PACKING,0,0,0,7/10/2025 0:00
1417,40,1,COMPLETED,0,0,0,4/21/2025 0:00
1418,14,9,CREATED,0,0,0,11/13/2024 0:00
1419,38,4,SHIPPING,0,0,0,11/4/2024 0:00
1420,17,1,PACKING,0,0,0,5/1/2025 0:00
1421,26,5,SHIPPING,0,0,0,5/17/2024 0:00
1422,44,2,COMPLETED,0,0,0,1/22/2024 0:00
1423,47,1,PACKING,0,0,0,4/7/2025 0:00
1424,8,9,SHIPPING,0,0,0,3/20/2025 0:00
1425,44,6,PACKING,0,0,0,8/15/2025 0:00
1426,1,7,SHIPPING,0,0,0,12/19/2024 0:00
1427,15,6,CREATED,0,0,0,3/22/2025 0:00
1428,15,5,COMPLETED,0,0,0,1/7/2025 0:00
1429,34,2,SHIPPING,0,0,0,8/11/2024 0:00
1430,47,10,CREATED,0,0,0,10/3/2024 0:00
1431,1,7,PAID,0,0,0,7/27/2024 0:00
1432,15,3,CREATED,0,0,0,4/17/2025 0:00
1433,3,2,PACKING,0,0,0,8/14/2025 0:00
1434,36,8,PAID,0,0,0,4/30/2025 0:00
1435,32,4,PAID,0,0,0,10/4/2024 0:00
1436,40,8,COMPLETED,0,0,0,3/1/2025 0:00
1437,8,9,SHIPPING,0,0,0,10/18/2024 0:00
1438,8,10,SHIPPING,0,0,0,10/10/2024 0:00
1439,17,4,COMPLETED,0,0,0,3/30/2025 0:00
1440,3,4,COMPLETED,0,0,0,3/8/2024 0:00
1441,6,3,SHIPPING,0,0,0,4/23/2024 0:00
1442,39,5,PACKING,0,0,0,11/29/2024 0:00
1443,16,7,SHIPPING,0,0,0,4/3/2025 0:00
1444,15,9,SHIPPING,0,0,0,10/21/2024 0:00
1445,41,3,PACKING,0,0,0,6/15/2025 0:00
1446,14,6,SHIPPING,0,0,0,8/20/2024 0:00
1447,13,3,SHIPPING,0,0,0,6/5/2025 0:00
1448,38,6,SHIPPING,0,0,0,11/23/2024 0:00
1449,12,8,PAID,0,0,0,9/11/2024 0:00
1450,16,7,COMPLETED,0,0,0,6/7/2024 0:00
1451,32,3,SHIPPING,0,0,0,6/9/2024 0:00
1452,47,4,COMPLETED,0,0,0,9/17/2024 0:00
1453,50,7,PAID,0,0,0,9/11/2024 0:00
1454,35,2,CREATED,0,0,0,2/25/2025 0:00
1455,7,7,PACKING,0,0,0,1/31/2024 0:00
1456,43,4,SHIPPING,0,0,0,3/15/2025 0:00
1457,6,9,CREATED,0,0,0,2/11/2025 0:00
1458,22,10,PAID,0,0,0,8/18/2024 0:00
1459,44,8,PAID,0,0,0,5/19/2024 0:00
1460,45,4,SHIPPING,0,0,0,3/14/2024 0:00
1461,7,6,COMPLETED,0,0,0,3/27/2024 0:00
1462,9,10,PAID,0,0,0,6/18/2024 0:00
1463,13,4,SHIPPING,0,0,0,4/24/2025 0:00
1464,47,3,CREATED,0,0,0,1/23/2025 0:00
1465,47,7,CREATED,0,0,0,8/13/2024 0:00
1466,19,6,PAID,0,0,0,10/26/2024 0:00
1467,8,8,PAID,0,0,0,2/4/2025 0:00
1468,30,3,PAID,0,0,0,10/1/2024 0:00
1469,19,6,SHIPPING,0,0,0,1/9/2024 0:00
1470,10,3,COMPLETED,0,0,0,10/17/2024 0:00
1471,47,2,COMPLETED,0,0,0,6/2/2024 0:00
1472,23,6,PAID,0,0,0,5/3/2024 0:00
1473,21,6,CREATED,0,0,0,3/17/2025 0:00
1474,34,4,COMPLETED,0,0,0,10/15/2024 0:00
1475,48,5,SHIPPING,0,0,0,11/4/2024 0:00
1476,25,7,CREATED,0,0,0,3/4/2025 0:00
1477,10,7,PACKING,0,0,0,7/21/2025 0:00
1478,13,2,COMPLETED,0,0,0,3/3/2024 0:00
1479,24,2,SHIPPING,0,0,0,6/1/2024 0:00
1480,46,1,SHIPPING,0,0,0,4/9/2024 0:00
1481,37,3,SHIPPING,0,0,0,6/18/2024 0:00
1482,24,6,COMPLETED,0,0,0,6/14/2025 0:00
1483,40,8,COMPLETED,0,0,0,5/14/2025 0:00
1484,38,1,COMPLETED,0,0,0,3/19/2025 0:00
1485,7,7,SHIPPING,0,0,0,4/23/2024 0:00
1486,44,5,COMPLETED,0,0,0,2/28/2024 0:00
1487,2,10,PACKING,0,0,0,1/2/2025 0:00
1488,20,1,PACKING,0,0,0,11/21/2024 0:00
1489,30,1,COMPLETED,0,0,0,11/10/2024 0:00
1490,49,3,PACKING,0,0,0,2/6/2024 0:00
1491,46,8,COMPLETED,0,0,0,11/9/2024 0:00
1492,9,8,PACKING,0,0,0,4/7/2025 0:00
1493,35,10,PACKING,0,0,0,2/2/2024 0:00
1494,30,1,CREATED,0,0,0,12/18/2024 0:00
1495,1,2,COMPLETED,0,0,0,10/18/2024 0:00
1496,16,4,CREATED,0,0,0,7/26/2025 0:00
1497,20,7,PAID,0,0,0,8/5/2024 0:00
1498,5,6,COMPLETED,0,0,0,9/26/2024 0:00
1499,8,2,SHIPPING,0,0,0,10/7/2024 0:00
1500,2,10,CREATED,0,0,0,6/21/2024 0:00
1501,9,3,PAID,0,0,0,10/20/2024 0:00
1502,27,2,CREATED,0,0,0,6/7/2025 0:00
1503,41,10,COMPLETED,0,0,0,12/12/2024 0:00
1504,26,10,PACKING,0,0,0,7/22/2025 0:00
1505,33,9,SHIPPING,0,0,0,4/1/2024 0:00
1506,7,9,CREATED,0,0,0,2/6/2024 0:00
1507,33,8,CREATED,0,0,0,5/11/2024 0:00
1508,8,2,COMPLETED,0,0,0,5/14/2024 0:00
1509,39,4,COMPLETED,0,0,0,1/27/2025 0:00
1510,18,9,PAID,0,0,0,11/26/2024 0:00
1511,30,10,COMPLETED,0,0,0,12/13/2024 0:00
1512,39,8,PAID,0,0,0,4/27/2025 0:00
1513,4,4,PACKING,0,0,0,6/20/2024 0:00
1514,11,7,PAID,0,0,0,10/26/2024 0:00
1515,28,2,SHIPPING,0,0,0,1/28/2024 0:00
1516,17,2,PACKING,0,0,0,9/28/2024 0:00
1517,50,8,PAID,0,0,0,1/19/2024 0:00
1518,44,2,PACKING,0,0,0,7/10/2025 0:00
1519,47,10,CREATED,0,0,0,8/5/2025 0:00
1520,43,4,PAID,0,0,0,1/24/2024 0:00
1521,7,1,PACKING,0,0,0,3/6/2025 0:00
1522,9,4,COMPLETED,0,0,0,7/6/2025 0:00
1523,32,9,CREATED,0,0,0,4/20/2025 0:00
1524,26,8,PACKING,0,0,0,1/25/2024 0:00
1525,35,6,SHIPPING,0,0,0,6/5/2025 0:00
1526,34,1,PAID,0,0,0,2/2/2025 0:00
1527,33,8,CREATED,0,0,0,4/18/2024 0:00
1528,45,9,PAID,0,0,0,5/7/2024 0:00
1529,7,8,PACKING,0,0,0,8/11/2025 0:00
1530,6,5,SHIPPING,0,0,0,8/6/2025 0:00
1531,38,7,PAID,0,0,0,1/17/2024 0:00
1532,31,2,PACKING,0,0,0,1/27/2025 0:00
1533,25,3,COMPLETED,0,0,0,4/1/2024 0:00
1534,47,4,PAID,0,0,0,5/26/2025 0:00
1535,21,9,CREATED,0,0,0,8/7/2024 0:00
1536,23,8,SHIPPING,0,0,0,12/28/2024 0:00
1537,1,1,COMPLETED,0,0,0,8/22/2025 0:00
1538,6,9,SHIPPING,0,0,0,2/3/2024 0:00
1539,23,2,COMPLETED,0,0,0,2/23/2025 0:00
1540,28,4,PACKING,0,0,0,4/28/2025 0:00
1541,40,7,PACKING,0,0,0,7/9/2025 0:00
1542,38,3,COMPLETED,0,0,0,11/22/2024 0:00
1543,26,1,PACKING,0,0,0,7/12/2024 0:00
1544,49,6,PAID,0,0,0,1/9/2024 0:00
1545,37,6,SHIPPING,0,0,0,5/10/2024 0:00
1546,1,1,PAID,0,0,0,4/28/2025 0:00
1547,46,10,PACKING,0,0,0,4/27/2025 0:00
1548,39,3,SHIPPING,0,0,0,9/13/2024 0:00
1549,33,8,SHIPPING,0,0,0,3/18/2025 0:00
1550,6,1,SHIPPING,0,0,0,6/11/2025 0:00
1551,16,6,PACKING,0,0,0,4/13/2024 0:00
1552,6,9,PACKING,0,0,0,3/2/2025 0:00
1553,34,7,PAID,0,0,0,4/8/2025 0:00
1554,1,3,CREATED,0,0,0,7/18/2025 0:00
1555,13,7,COMPLETED,0,0,0,6/12/2025 0:00
1556,17,2,PAID,0,0,0,10/29/2024 0:00
1557,33,4,SHIPPING,0,0,0,4/5/2024 0:00
1558,34,3,SHIPPING,0,0,0,2/23/2024 0:00
1559,17,6,PACKING,0,0,0,3/9/2025 0:00
1560,42,9,PAID,0,0,0,6/6/2024 0:00
1561,13,10,PAID,0,0,0,12/25/2024 0:00
1562,22,9,PAID,0,0,0,7/21/2024 0:00
1563,11,7,PAID,0,0,0,3/25/2024 0:00
1564,18,4,PACKING,0,0,0,4/12/2025 0:00
1565,15,3,PAID,0,0,0,1/5/2025 0:00
1566,8,7,PACKING,0,0,0,4/23/2024 0:00
1567,21,3,SHIPPING,0,0,0,12/5/2024 0:00
1568,30,8,COMPLETED,0,0,0,4/13/2024 0:00
1569,13,2,PAID,0,0,0,7/27/2024 0:00
1570,8,3,COMPLETED,0,0,0,11/21/2024 0:00
1571,7,10,COMPLETED,0,0,0,6/11/2024 0:00
1572,19,9,PAID,0,0,0,6/13/2024 0:00
1573,1,4,PACKING,0,0,0,12/4/2024 0:00
1574,43,10,PAID,0,0,0,3/24/2024 0:00
1575,45,7,COMPLETED,0,0,0,8/1/2024 0:00
1576,6,3,SHIPPING,0,0,0,10/27/2024 0:00
1577,12,6,PAID,0,0,0,7/24/2025 0:00
1578,48,4,SHIPPING,0,0,0,8/20/2025 0:00
1579,25,4,PAID,0,0,0,3/8/2024 0:00
1580,35,4,PAID,0,0,0,5/17/2025 0:00
1581,15,4,PAID,0,0,0,8/1/2025 0:00
1582,39,9,PACKING,0,0,0,4/17/2025 0:00
1583,25,6,PAID,0,0,0,5/27/2025 0:00
1584,43,7,COMPLETED,0,0,0,3/31/2025 0:00
1585,34,1,CREATED,0,0,0,1/30/2025 0:00
1586,25,6,COMPLETED,0,0,0,1/7/2025 0:00
1587,4,9,COMPLETED,0,0,0,6/19/2025 0:00
1588,42,8,PACKING,0,0,0,6/21/2025 0:00
1589,31,2,COMPLETED,0,0,0,5/1/2025 0:00
1590,40,7,PAID,0,0,0,6/27/2024 0:00
1591,23,5,CREATED,0,0,0,5/25/2024 0:00
1592,39,7,CREATED,0,0,0,1/1/2024 0:00
1593,42,10,PAID,0,0,0,6/28/2024 0:00
1594,33,2,PAID,0,0,0,11/11/2024 0:00
1595,28,10,CREATED,0,0,0,6/30/2024 0:00
1596,28,10,PAID,0,0,0,6/2/2024 0:00
1597,19,7,PACKING,0,0,0,7/31/2024 0:00
1598,34,6,COMPLETED,0,0,0,5/17/2024 0:00
1599,37,9,COMPLETED,0,0,0,9/6/2024 0:00
1600,45,10,COMPLETED,0,0,0,4/13/2025 0:00
1601,7,7,PAID,0,0,0,5/21/2024 0:00
1602,39,10,PAID,0,0,0,3/27/2024 0:00
1603,46,3,PACKING,0,0,0,5/11/2025 0:00
1604,49,1,PAID,0,0,0,6/2/2025 0:00
1605,35,7,PAID,0,0,0,7/15/2025 0:00
1606,32,10,COMPLETED,0,0,0,2/2/2025 0:00
1607,48,3,PAID,0,0,0,2/7/2025 0:00
1608,35,5,SHIPPING,0,0,0,3/10/2025 0:00
1609,8,2,PAID,0,0,0,7/11/2025 0:00
1610,43,4,CREATED,0,0,0,5/31/2025 0:00
1611,21,9,PACKING,0,0,0,3/22/2025 0:00
1612,50,7,SHIPPING,0,0,0,4/26/2025 0:00
1613,27,8,SHIPPING,0,0,0,10/13/2024 0:00
1614,23,6,COMPLETED,0,0,0,5/3/2025 0:00
1615,3,2,SHIPPING,0,0,0,5/8/2024 0:00
1616,42,7,PACKING,0,0,0,7/21/2024 0:00
1617,1,5,SHIPPING,0,0,0,1/22/2025 0:00
1618,29,7,PACKING,0,0,0,2/6/2024 0:00
1619,40,9,COMPLETED,0,0,0,10/7/2024 0:00
1620,6,5,SHIPPING,0,0,0,5/23/2024 0:00
1621,9,9,CREATED,0,0,0,3/26/2025 0:00
1622,10,6,CREATED,0,0,0,8/10/2024 0:00
1623,31,3,PAID,0,0,0,6/7/2024 0:00
1624,34,8,SHIPPING,0,0,0,2/3/2025 0:00
1625,12,4,CREATED,0,0,0,3/28/2025 0:00
1626,35,4,PAID,0,0,0,3/4/2024 0:00
1627,41,7,SHIPPING,0,0,0,12/21/2024 0:00
1628,28,1,COMPLETED,0,0,0,8/19/2024 0:00
1629,13,8,CREATED,0,0,0,6/8/2024 0:00
1630,24,9,SHIPPING,0,0,0,10/19/2024 0:00
1631,44,10,PACKING,0,0,0,8/5/2025 0:00
1632,41,8,SHIPPING,0,0,0,5/16/2025 0:00
1633,3,5,PACKING,0,0,0,12/4/2024 0:00
1634,23,9,CREATED,0,0,0,6/5/2024 0:00
1635,19,4,PACKING,0,0,0,3/7/2024 0:00
1636,30,9,SHIPPING,0,0,0,2/6/2025 0:00
1637,42,1,SHIPPING,0,0,0,3/15/2024 0:00
1638,35,4,PACKING,0,0,0,3/16/2024 0:00
1639,48,9,CREATED,0,0,0,1/1/2024 0:00
1640,30,8,PAID,0,0,0,1/31/2024 0:00
1641,32,9,COMPLETED,0,0,0,3/17/2024 0:00
1642,35,6,PAID,0,0,0,3/30/2024 0:00
1643,17,6,SHIPPING,0,0,0,5/14/2024 0:00
1644,50,2,CREATED,0,0,0,7/15/2025 0:00
1645,2,6,SHIPPING,0,0,0,9/14/2024 0:00
1646,12,10,PAID,0,0,0,3/3/2024 0:00
1647,2,10,PAID,0,0,0,8/1/2024 0:00
1648,29,4,PACKING,0,0,0,3/17/2025 0:00
1649,50,10,PAID,0,0,0,12/11/2024 0:00
1650,1,1,SHIPPING,0,0,0,10/12/2024 0:00
1651,12,7,SHIPPING,0,0,0,12/29/2024 0:00
1652,38,3,PACKING,0,0,0,7/24/2024 0:00
1653,15,3,PACKING,0,0,0,6/11/2024 0:00
1654,44,7,PACKING,0,0,0,2/23/2025 0:00
1655,13,4,SHIPPING,0,0,0,3/23/2024 0:00
1656,49,3,PACKING,0,0,0,12/28/2024 0:00
1657,37,3,PAID,0,0,0,4/28/2024 0:00
1658,50,5,PACKING,0,0,0,3/8/2025 0:00
1659,15,1,SHIPPING,0,0,0,4/6/2025 0:00
1660,10,9,PACKING,0,0,0,12/7/2024 0:00
1661,22,1,COMPLETED,0,0,0,5/29/2025 0:00
1662,33,7,PACKING,0,0,0,4/14/2024 0:00
1663,8,3,PACKING,0,0,0,1/11/2024 0:00
1664,1,5,PACKING,0,0,0,2/27/2024 0:00
1665,47,5,CREATED,0,0,0,5/31/2024 0:00
1666,25,8,PAID,0,0,0,2/21/2025 0:00
1667,17,4,SHIPPING,0,0,0,8/4/2024 0:00
1668,38,8,COMPLETED,0,0,0,7/25/2024 0:00
1669,17,9,PACKING,0,0,0,3/10/2024 0:00
1670,5,6,PACKING,0,0,0,6/13/2024 0:00
1671,29,3,CREATED,0,0,0,4/11/2025 0:00
1672,27,2,SHIPPING,0,0,0,6/10/2025 0:00
1673,39,3,PACKING,0,0,0,1/25/2024 0:00
1674,8,6,CREATED,0,0,0,11/30/2024 0:00
1675,10,10,COMPLETED,0,0,0,10/28/2024 0:00
1676,35,9,PAID,0,0,0,11/13/2024 0:00
1677,3,4,SHIPPING,0,0,0,6/6/2024 0:00
1678,5,5,PAID,0,0,0,4/8/2025 0:00
1679,14,3,COMPLETED,0,0,0,2/23/2024 0:00
1680,3,5,SHIPPING,0,0,0,2/14/2024 0:00
1681,28,6,CREATED,0,0,0,10/22/2024 0:00
1682,36,8,PAID,0,0,0,6/12/2024 0:00
1683,1,2,PAID,0,0,0,1/25/2024 0:00
1684,35,9,PAID,0,0,0,11/19/2024 0:00
1685,7,5,CREATED,0,0,0,1/25/2024 0:00
1686,17,4,PACKING,0,0,0,5/31/2024 0:00
1687,38,10,COMPLETED,0,0,0,9/15/2024 0:00
1688,18,1,PACKING,0,0,0,4/19/2024 0:00
1689,39,2,PAID,0,0,0,8/27/2024 0:00
1690,19,8,PAID,0,0,0,9/19/2024 0:00
1691,15,2,CREATED,0,0,0,8/8/2025 0:00
1692,38,2,PAID,0,0,0,5/21/2025 0:00
1693,1,3,PACKING,0,0,0,5/26/2025 0:00
1694,42,9,COMPLETED,0,0,0,7/15/2024 0:00
1695,34,4,COMPLETED,0,0,0,3/20/2024 0:00
1696,50,4,COMPLETED,0,0,0,5/14/2024 0:00
1697,14,5,PACKING,0,0,0,10/19/2024 0:00
1698,36,9,CREATED,0,0,0,1/31/2024 0:00
1699,32,3,PACKING,0,0,0,8/29/2024 0:00
1700,10,9,PAID,0,0,0,6/10/2024 0:00
1701,13,7,CREATED,0,0,0,6/28/2024 0:00
1702,29,5,CREATED,0,0,0,9/6/2024 0:00
1703,13,5,CREATED,0,0,0,4/16/2025 0:00
1704,32,2,COMPLETED,0,0,0,4/20/2024 0:00
1705,31,4,CREATED,0,0,0,1/4/2024 0:00
1706,14,7,CREATED,0,0,0,7/19/2024 0:00
1707,42,5,COMPLETED,0,0,0,8/4/2025 0:00
1708,39,3,PACKING,0,0,0,1/9/2025 0:00
1709,28,10,PACKING,0,0,0,6/23/2024 0:00
1710,24,3,CREATED,0,0,0,10/3/2024 0:00
1711,46,4,PACKING,0,0,0,4/7/2024 0:00
1712,47,1,SHIPPING,0,0,0,3/23/2024 0:00
1713,23,10,PACKING,0,0,0,11/3/2024 0:00
1714,40,9,PACKING,0,0,0,8/25/2024 0:00
1715,8,9,COMPLETED,0,0,0,1/20/2025 0:00
1716,3,7,COMPLETED,0,0,0,10/31/2024 0:00
1717,26,10,SHIPPING,0,0,0,7/12/2025 0:00
1718,33,4,SHIPPING,0,0,0,5/18/2024 0:00
1719,31,1,CREATED,0,0,0,11/4/2024 0:00
1720,28,6,PACKING,0,0,0,5/22/2024 0:00
1721,42,8,CREATED,0,0,0,10/31/2024 0:00
1722,15,6,CREATED,0,0,0,6/30/2025 0:00
1723,46,10,CREATED,0,0,0,5/3/2024 0:00
1724,50,9,COMPLETED,0,0,0,11/2/2024 0:00
1725,22,5,PAID,0,0,0,6/19/2025 0:00
1726,26,2,COMPLETED,0,0,0,4/12/2024 0:00
1727,10,7,COMPLETED,0,0,0,8/1/2024 0:00
1728,11,2,PAID,0,0,0,3/26/2025 0:00
1729,7,5,PACKING,0,0,0,2/13/2025 0:00
1730,3,1,SHIPPING,0,0,0,4/10/2024 0:00
1731,31,6,PAID,0,0,0,2/1/2024 0:00
1732,14,7,PACKING,0,0,0,2/8/2025 0:00
1733,15,8,CREATED,0,0,0,5/3/2025 0:00
1734,28,8,COMPLETED,0,0,0,1/8/2024 0:00
1735,33,10,COMPLETED,0,0,0,10/27/2024 0:00
1736,43,5,PACKING,0,0,0,4/25/2025 0:00
1737,19,4,SHIPPING,0,0,0,4/25/2025 0:00
1738,20,7,SHIPPING,0,0,0,1/12/2025 0:00
1739,26,4,SHIPPING,0,0,0,7/3/2024 0:00
1740,25,7,PAID,0,0,0,8/2/2024 0:00
1741,43,8,COMPLETED,0,0,0,5/3/2025 0:00
1742,5,6,COMPLETED,0,0,0,7/15/2025 0:00
1743,12,1,PACKING,0,0,0,7/23/2024 0:00
1744,25,7,SHIPPING,0,0,0,6/15/2025 0:00
1745,23,4,PACKING,0,0,0,7/1/2025 0:00
1746,7,8,PAID,0,0,0,8/19/2024 0:00
1747,5,10,SHIPPING,0,0,0,5/21/2024 0:00
1748,16,4,SHIPPING,0,0,0,3/19/2025 0:00
1749,29,2,PAID,0,0,0,7/22/2024 0:00
1750,31,3,COMPLETED,0,0,0,1/8/2025 0:00
1751,40,5,SHIPPING,0,0,0,5/18/2025 0:00
1752,49,2,COMPLETED,0,0,0,8/21/2024 0:00
1753,47,1,COMPLETED,0,0,0,2/19/2024 0:00
1754,22,7,PACKING,0,0,0,9/8/2024 0:00
1755,28,6,PAID,0,0,0,4/27/2024 0:00
1756,6,7,SHIPPING,0,0,0,1/6/2025 0:00
1757,36,10,COMPLETED,0,0,0,3/9/2024 0:00
1758,9,4,COMPLETED,0,0,0,2/13/2024 0:00
1759,19,5,CREATED,0,0,0,8/5/2024 0:00
1760,47,5,COMPLETED,0,0,0,3/18/2025 0:00
1761,49,7,CREATED,0,0,0,12/5/2024 0:00
1762,45,5,PAID,0,0,0,2/20/2025 0:00
1763,38,7,PACKING,0,0,0,4/5/2025 0:00
1764,31,10,PACKING,0,0,0,3/28/2025 0:00
1765,25,9,CREATED,0,0,0,4/16/2025 0:00
1766,13,6,COMPLETED,0,0,0,4/4/2025 0:00
1767,43,5,SHIPPING,0,0,0,1/15/2025 0:00
1768,41,2,PAID,0,0,0,2/10/2024 0:00
1769,44,7,COMPLETED,0,0,0,7/27/2024 0:00
1770,22,8,PACKING,0,0,0,9/22/2024 0:00
1771,29,5,CREATED,0,0,0,5/13/2024 0:00
1772,41,4,PAID,0,0,0,6/14/2025 0:00
1773,48,4,SHIPPING,0,0,0,4/20/2024 0:00
1774,24,5,PAID,0,0,0,3/1/2025 0:00
1775,29,9,PACKING,0,0,0,7/23/2024 0:00
1776,21,3,PAID,0,0,0,12/1/2024 0:00
1777,26,9,CREATED,0,0,0,4/15/2024 0:00
1778,38,5,PAID,0,0,0,1/6/2024 0:00
1779,6,9,SHIPPING,0,0,0,8/16/2024 0:00
1780,49,9,PAID,0,0,0,7/22/2024 0:00
1781,24,5,PACKING,0,0,0,1/28/2025 0:00
1782,50,4,SHIPPING,0,0,0,7/18/2024 0:00
1783,5,9,SHIPPING,0,0,0,11/6/2024 0:00
1784,21,2,SHIPPING,0,0,0,11/12/2024 0:00
1785,14,1,PAID,0,0,0,1/18/2025 0:00
1786,30,9,PACKING,0,0,0,8/26/2024 0:00
1787,29,7,COMPLETED,0,0,0,1/29/2024 0:00
1788,28,6,SHIPPING,0,0,0,9/12/2024 0:00
1789,29,8,SHIPPING,0,0,0,10/11/2024 0:00
1790,40,6,PAID,0,0,0,11/8/2024 0:00
1791,18,3,PACKING,0,0,0,7/4/2024 0:00
1792,6,7,COMPLETED,0,0,0,4/27/2024 0:00
1793,20,8,CREATED,0,0,0,1/16/2024 0:00
1794,9,5,PAID,0,0,0,12/22/2024 0:00
1795,16,7,CREATED,0,0,0,6/7/2024 0:00
1796,37,9,PACKING,0,0,0,8/2/2025 0:00
1797,49,4,CREATED,0,0,0,2/2/2025 0:00
1798,29,2,PAID,0,0,0,5/17/2025 0:00
1799,29,9,PACKING,0,0,0,4/11/2025 0:00
1800,33,3,COMPLETED,0,0,0,4/25/2024 0:00
1801,43,6,SHIPPING,0,0,0,8/19/2024 0:00
1802,38,1,PAID,0,0,0,12/25/2024 0:00
1803,31,7,COMPLETED,0,0,0,3/4/2024 0:00
1804,40,3,PAID,0,0,0,3/25/2024 0:00
1805,27,10,COMPLETED,0,0,0,9/4/2024 0:00
1806,15,8,CREATED,0,0,0,6/24/2024 0:00
1807,43,10,CREATED,0,0,0,7/21/2024 0:00
1808,47,10,PAID,0,0,0,3/13/2025 0:00
1809,6,10,COMPLETED,0,0,0,5/23/2024 0:00
1810,13,6,PACKING,0,0,0,1/22/2025 0:00
1811,26,4,PACKING,0,0,0,2/14/2025 0:00
1812,16,7,CREATED,0,0,0,12/26/2024 0:00
1813,30,5,CREATED,0,0,0,3/25/2024 0:00
1814,38,4,PAID,0,0,0,2/8/2024 0:00
1815,45,2,PACKING,0,0,0,7/14/2025 0:00
1816,16,4,SHIPPING,0,0,0,4/11/2025 0:00
1817,29,5,COMPLETED,0,0,0,8/10/2025 0:00
1818,42,2,COMPLETED,0,0,0,12/28/2024 0:00
1819,8,4,SHIPPING,0,0,0,10/21/2024 0:00
1820,3,9,CREATED,0,0,0,1/16/2025 0:00
1821,47,10,PAID,0,0,0,12/2/2024 0:00
1822,12,1,COMPLETED,0,0,0,1/18/2025 0:00
1823,3,4,SHIPPING,0,0,0,1/12/2024 0:00
1824,26,10,COMPLETED,0,0,0,4/27/2024 0:00
1825,37,5,COMPLETED,0,0,0,1/31/2025 0:00
1826,49,7,CREATED,0,0,0,11/4/2024 0:00
1827,48,9,COMPLETED,0,0,0,10/6/2024 0:00
1828,38,6,COMPLETED,0,0,0,2/29/2024 0:00
1829,4,9,CREATED,0,0,0,6/7/2025 0:00
1830,26,5,PACKING,0,0,0,5/6/2025 0:00
1831,21,10,SHIPPING,0,0,0,10/10/2024 0:00
1832,1,10,COMPLETED,0,0,0,2/23/2024 0:00
1833,1,4,SHIPPING,0,0,0,5/18/2025 0:00
1834,18,3,PAID,0,0,0,11/21/2024 0:00
1835,47,7,CREATED,0,0,0,3/14/2025 0:00
1836,36,2,COMPLETED,0,0,0,4/11/2025 0:00
1837,21,2,CREATED,0,0,0,8/18/2025 0:00
1838,18,6,CREATED,0,0,0,7/29/2025 0:00
1839,36,10,PACKING,0,0,0,6/8/2025 0:00
1840,15,1,COMPLETED,0,0,0,8/13/2024 0:00
1841,37,1,SHIPPING,0,0,0,6/23/2024 0:00
1842,47,3,PACKING,0,0,0,6/7/2025 0:00
1843,43,10,COMPLETED,0,0,0,2/12/2024 0:00
1844,39,9,COMPLETED,0,0,0,2/14/2025 0:00
1845,24,4,CREATED,0,0,0,9/19/2024 0:00
1846,2,6,CREATED,0,0,0,7/15/2024 0:00
1847,1,5,SHIPPING,0,0,0,11/18/2024 0:00
1848,33,3,SHIPPING,0,0,0,7/25/2024 0:00
1849,13,9,SHIPPING,0,0,0,4/24/2024 0:00
1850,41,2,SHIPPING,0,0,0,6/20/2024 0:00
1851,27,9,PACKING,0,0,0,3/6/2025 0:00
1852,12,3,COMPLETED,0,0,0,3/7/2025 0:00
1853,38,1,PAID,0,0,0,8/2/2025 0:00
1854,26,2,COMPLETED,0,0,0,9/15/2024 0:00
1855,6,4,COMPLETED,0,0,0,5/12/2024 0:00
1856,6,4,PACKING,0,0,0,4/5/2024 0:00
1857,15,7,SHIPPING,0,0,0,9/21/2024 0:00
1858,24,8,COMPLETED,0,0,0,9/2/2024 0:00
1859,3,1,SHIPPING,0,0,0,10/13/2024 0:00
1860,28,3,PACKING,0,0,0,8/7/2025 0:00
1861,1,1,PACKING,0,0,0,7/7/2024 0:00
1862,36,10,COMPLETED,0,0,0,4/9/2025 0:00
1863,35,8,PAID,0,0,0,3/11/2025 0:00
1864,24,9,COMPLETED,0,0,0,1/18/2024 0:00
1865,25,2,CREATED,0,0,0,5/28/2024 0:00
1866,46,7,CREATED,0,0,0,11/8/2024 0:00
1867,15,3,CREATED,0,0,0,6/6/2025 0:00
1868,14,1,CREATED,0,0,0,5/21/2024 0:00
1869,49,5,CREATED,0,0,0,5/25/2024 0:00
1870,23,4,PAID,0,0,0,2/25/2025 0:00
1871,33,7,SHIPPING,0,0,0,2/7/2024 0:00
1872,28,1,SHIPPING,0,0,0,4/23/2025 0:00
1873,9,7,COMPLETED,0,0,0,6/3/2025 0:00
1874,50,4,PAID,0,0,0,5/22/2025 0:00
1875,42,2,PAID,0,0,0,6/14/2025 0:00
1876,39,8,COMPLETED,0,0,0,2/15/2024 0:00
1877,20,7,CREATED,0,0,0,1/31/2025 0:00
1878,21,5,PACKING,0,0,0,4/18/2024 0:00
1879,25,7,PACKING,0,0,0,10/28/2024 0:00
1880,8,8,SHIPPING,0,0,0,2/27/2025 0:00
1881,28,10,CREATED,0,0,0,4/19/2025 0:00
1882,38,10,PAID,0,0,0,4/20/2024 0:00
1883,42,4,COMPLETED,0,0,0,6/29/2025 0:00
1884,32,9,PAID,0,0,0,3/13/2025 0:00
1885,38,7,CREATED,0,0,0,2/24/2025 0:00
1886,19,8,PACKING,0,0,0,1/28/2024 0:00
1887,17,3,CREATED,0,0,0,9/25/2024 0:00
1888,33,8,COMPLETED,0,0,0,3/4/2024 0:00
1889,10,7,PACKING,0,0,0,10/25/2024 0:00
1890,6,8,PACKING,0,0,0,9/22/2024 0:00
1891,47,4,SHIPPING,0,0,0,11/29/2024 0:00
1892,3,7,SHIPPING,0,0,0,6/2/2025 0:00
1893,17,6,PAID,0,0,0,1/30/2024 0:00
1894,39,9,PACKING,0,0,0,5/23/2024 0:00
1895,31,7,PAID,0,0,0,7/10/2025 0:00
1896,46,8,COMPLETED,0,0,0,2/26/2024 0:00
1897,49,7,COMPLETED,0,0,0,8/11/2024 0:00
1898,3,1,PACKING,0,0,0,11/19/2024 0:00
1899,26,7,PAID,0,0,0,4/9/2024 0:00
1900,33,2,SHIPPING,0,0,0,6/16/2024 0:00
1901,8,1,PACKING,0,0,0,11/5/2024 0:00
1902,26,10,CREATED,0,0,0,2/26/2025 0:00
1903,22,2,CREATED,0,0,0,6/16/2025 0:00
1904,37,6,SHIPPING,0,0,0,5/26/2024 0:00
1905,3,1,PAID,0,0,0,3/22/2024 0:00
1906,10,6,SHIPPING,0,0,0,6/20/2025 0:00
1907,12,2,CREATED,0,0,0,5/22/2025 0:00
1908,36,1,SHIPPING,0,0,0,6/17/2025 0:00
1909,43,4,COMPLETED,0,0,0,3/5/2024 0:00
1910,40,5,PAID,0,0,0,3/12/2025 0:00
1911,30,3,SHIPPING,0,0,0,1/9/2025 0:00
1912,21,7,PAID,0,0,0,6/2/2024 0:00
1913,21,7,PAID,0,0,0,4/16/2025 0:00
1914,10,7,COMPLETED,0,0,0,2/19/2025 0:00
1915,8,6,CREATED,0,0,0,12/1/2024 0:00
1916,47,3,PAID,0,0,0,10/15/2024 0:00
1917,6,4,CREATED,0,0,0,5/25/2025 0:00
1918,26,7,SHIPPING,0,0,0,7/22/2025 0:00
1919,20,7,PACKING,0,0,0,3/20/2024 0:00
1920,17,3,CREATED,0,0,0,6/26/2025 0:00
1921,29,9,COMPLETED,0,0,0,5/18/2024 0:00
1922,46,8,COMPLETED,0,0,0,1/19/2024 0:00
1923,19,4,SHIPPING,0,0,0,3/31/2024 0:00
1924,18,6,PAID,0,0,0,7/29/2024 0:00
1925,5,3,SHIPPING,0,0,0,1/7/2025 0:00
1926,4,2,SHIPPING,0,0,0,5/6/2025 0:00
1927,42,5,SHIPPING,0,0,0,6/11/2025 0:00
1928,20,10,COMPLETED,0,0,0,5/31/2024 0:00
1929,6,3,SHIPPING,0,0,0,6/27/2024 0:00
1930,39,7,SHIPPING,0,0,0,5/15/2024 0:00
1931,11,2,CREATED,0,0,0,3/10/2025 0:00
1932,9,2,COMPLETED,0,0,0,2/16/2024 0:00
1933,13,9,CREATED,0,0,0,3/17/2024 0:00
1934,42,6,PAID,0,0,0,12/30/2024 0:00
1935,35,3,COMPLETED,0,0,0,11/15/2024 0:00
1936,25,5,COMPLETED,0,0,0,9/14/2024 0:00
1937,20,5,COMPLETED,0,0,0,1/4/2025 0:00
1938,36,7,PAID,0,0,0,1/13/2025 0:00
1939,35,5,PACKING,0,0,0,11/13/2024 0:00
1940,23,4,COMPLETED,0,0,0,2/20/2025 0:00
1941,26,1,CREATED,0,0,0,2/12/2025 0:00
1942,41,3,SHIPPING,0,0,0,5/2/2025 0:00
1943,24,7,SHIPPING,0,0,0,3/24/2025 0:00
1944,39,10,SHIPPING,0,0,0,1/12/2025 0:00
1945,12,7,PACKING,0,0,0,11/29/2024 0:00
1946,14,6,CREATED,0,0,0,2/26/2025 0:00
1947,39,3,SHIPPING,0,0,0,6/4/2024 0:00
1948,12,9,PACKING,0,0,0,5/15/2024 0:00
1949,22,3,COMPLETED,0,0,0,5/4/2025 0:00
1950,16,6,CREATED,0,0,0,9/13/2024 0:00
1951,5,10,PAID,0,0,0,9/15/2024 0:00
1952,19,3,CREATED,0,0,0,3/13/2025 0:00
1953,5,7,PACKING,0,0,0,8/14/2025 0:00
1954,12,1,SHIPPING,0,0,0,4/27/2025 0:00
1955,44,5,PAID,0,0,0,2/19/2024 0:00
1956,37,10,SHIPPING,0,0,0,10/28/2024 0:00
1957,28,6,CREATED,0,0,0,6/27/2025 0:00
1958,16,9,COMPLETED,0,0,0,5/20/2025 0:00
1959,2,9,COMPLETED,0,0,0,12/18/2024 0:00
1960,13,7,SHIPPING,0,0,0,5/21/2025 0:00
1961,2,5,PAID,0,0,0,5/14/2024 0:00
1962,9,9,PAID,0,0,0,4/2/2025 0:00
1963,26,4,COMPLETED,0,0,0,5/28/2024 0:00
1964,27,6,COMPLETED,0,0,0,4/30/2025 0:00
1965,39,2,SHIPPING,0,0,0,6/3/2024 0:00
1966,16,8,PACKING,0,0,0,8/26/2024 0:00
1967,22,3,PAID,0,0,0,12/7/2024 0:00
1968,17,8,SHIPPING,0,0,0,3/12/2024 0:00
1969,21,7,COMPLETED,0,0,0,7/20/2025 0:00
1970,28,1,SHIPPING,0,0,0,7/30/2025 0:00
1971,30,5,PAID,0,0,0,1/8/2025 0:00
1972,8,10,CREATED,0,0,0,6/23/2024 0:00
1973,15,3,SHIPPING,0,0,0,3/6/2025 0:00
1974,12,2,COMPLETED,0,0,0,2/23/2025 0:00
1975,13,2,CREATED,0,0,0,11/7/2024 0:00
1976,42,4,PACKING,0,0,0,10/3/2024 0:00
1977,21,2,PAID,0,0,0,8/14/2024 0:00
1978,38,6,PAID,0,0,0,1/11/2024 0:00
1979,3,3,COMPLETED,0,0,0,5/6/2025 0:00
1980,34,3,CREATED,0,0,0,1/1/2025 0:00
1981,11,10,PACKING,0,0,0,3/23/2024 0:00
1982,9,9,SHIPPING,0,0,0,9/26/2024 0:00
1983,6,9,PAID,0,0,0,5/12/2025 0:00
1984,1,8,PAID,0,0,0,2/6/2025 0:00
1985,3,8,PAID,0,0,0,4/15/2025 0:00
1986,42,3,COMPLETED,0,0,0,2/16/2024 0:00
1987,5,7,PACKING,0,0,0,3/13/2025 0:00
1988,46,6,PACKING,0,0,0,9/16/2024 0:00
1989,1,6,PACKING,0,0,0,5/14/2025 0:00
1990,36,7,COMPLETED,0,0,0,6/26/2025 0:00
1991,31,10,COMPLETED,0,0,0,6/2/2024 0:00
1992,5,1,PAID,0,0,0,11/25/2024 0:00
1993,12,10,SHIPPING,0,0,0,5/31/2024 0:00
1994,45,6,CREATED,0,0,0,7/29/2024 0:00
1995,17,8,PACKING,0,0,0,1/25/2025 0:00
1996,15,2,CREATED,0,0,0,5/4/2024 0:00
1997,3,8,SHIPPING,0,0,0,4/23/2024 0:00
1998,50,8,PAID,0,0,0,11/25/2024 0:00
1999,16,5,PAID,0,0,0,5/27/2024 0:00
2000,33,7,COMPLETED,0,0,0,4/25/2025 0:00
